Timing is on.
=== 0.1 alpha.mdm table count ===
 mdm_tables 
------------
        314
(1 row)

Time: 9.170 ms
=== 0.1b alpha.mdm full table list ===
             table_name              
-------------------------------------
 adverse_media_check
 agreement_type
 benchmark_change_request
 benchmark_currency_variant
 benchmark_dq_rule
 benchmark_exception
 benchmark_feed_health
 benchmark_feed_schedule
 benchmark_field_mapping
 benchmark_golden_distribution
 benchmark_golden_field
 benchmark_golden_publication
 benchmark_golden_record
 benchmark_hierarchy
 benchmark_hierarchy_closure
 benchmark_identifier
 benchmark_master
 benchmark_match_candidate
 benchmark_match_rule
 benchmark_merge_log
 benchmark_provider
 benchmark_rebalance_frequency
 benchmark_reconciliation
 benchmark_reconciliation_result
 benchmark_regulatory_regime
 benchmark_return_variant
 benchmark_source_priority
 benchmark_steward
 benchmark_survivorship_log
 benchmark_survivorship_rule
 benchmark_type
 benchmark_type_mapping
 benchmark_use_case
 benchmark_weighting_method
 business_day_definition
 ca_agenda_item
 ca_bond_call
 ca_bond_put
 ca_cash_component
 ca_change_request
 ca_consent_solicitation
 ca_conversion
 ca_default_event
 ca_election_deadline
 ca_election_instruction
 ca_election_option
 ca_election_type
 ca_entitlement_basis
 ca_event
 ca_event_type
 ca_exception
 ca_field_mapping
 ca_fund_distribution
 ca_fund_liquidation
 ca_fund_reorganization
 ca_golden_field
 ca_golden_record
 ca_identifier
 ca_mandatory_type
 ca_match_candidate
 ca_match_rule
 ca_meeting
 ca_merge_log
 ca_payment_type
 ca_proxy_vote
 ca_ratio_history
 ca_regulatory_regime
 ca_security
 ca_sinking_fund
 ca_source_priority
 ca_status
 ca_stock_component
 ca_survivorship_log
 ca_survivorship_rule
 ca_tax_treatment
 ca_term
 ca_type_mapping
 calendar_change_request
 calendar_classification
 calendar_day
 calendar_exception
 calendar_field_mapping
 calendar_golden_field
 calendar_golden_record
 calendar_hierarchy
 calendar_hierarchy_closure
 calendar_hierarchy_type
 calendar_historical_closure
 calendar_identifier
 calendar_master
 calendar_match_candidate
 calendar_match_rule
 calendar_merge_log
 calendar_reconciliation
 calendar_regulatory_regime
 calendar_rule
 calendar_session
 calendar_source
 calendar_source_alias
 calendar_source_priority
 calendar_special_event
 calendar_special_event_impact
 calendar_steward
 calendar_survivorship_log
 calendar_survivorship_rule
 calendar_type
 calendar_type_mapping
 candidates
 central_bank_calendar
 client_group
 client_group_hierarchy
 client_group_hierarchy_closure
 client_group_membership
 client_group_servicing
 client_group_user
 counterparty
 counterparty_agreement
 counterparty_agreement_term
 counterparty_change_request
 counterparty_credit_limit
 counterparty_credit_profile
 counterparty_due_diligence
 counterparty_exception
 counterparty_exposure
 counterparty_golden_field
 counterparty_golden_record
 counterparty_identifier
 counterparty_match_candidate
 counterparty_match_rule
 counterparty_merge_log
 counterparty_role
 counterparty_role_assignment
 counterparty_settlement_instruction
 counterparty_status
 counterparty_steward
 counterparty_type
 curve_category
 curve_compounding_frequency
 curve_interpolation_method
 curve_master
 curve_point
 curve_snapshot
 domains
 fair_value_classification
 fair_value_level
 fatca_crs_classification
 fatca_crs_status
 fund_calendar
 fund_calendar_exception
 fund_calendar_rule
 fund_hierarchy
 fx_rate_master
 holiday_definition
 holiday_definition_calendar
 holiday_manual_date
 holiday_rule_type
 holiday_type
 kyc_document
 kyc_profile
 kyc_status
 match_rules
 mdm_bo_ui_metadata
 mdm_candidates
 mdm_field_rules
 mdm_funds
 merge_events
 party
 party_address
 party_change_request
 party_consent
 party_contact
 party_control
 party_document_type
 party_exception
 party_golden_field
 party_golden_record
 party_hierarchy
 party_hierarchy_closure
 party_history
 party_identifier
 party_individual
 party_legal_entity
 party_match_candidate
 party_match_rule
 party_merge_log
 party_name
 party_ownership
 party_relationship
 party_relationship_type
 party_role
 party_role_assignment
 party_segment
 party_status
 party_steward
 party_sub_type
 party_successor
 party_tax_residency
 party_type
 party_ubo
 pep_screening
 price
 price_challenge
 price_change_request
 price_dq_rule
 price_exception
 price_feed_health
 price_feed_schedule
 price_field_mapping
 price_golden_distribution
 price_golden_field
 price_golden_publication
 price_golden_record
 price_history
 price_match_candidate
 price_match_rule
 price_merge_log
 price_observation_type
 price_quality_tier
 price_reconciliation
 price_reconciliation_result
 price_series
 price_source
 price_source_alias
 price_source_priority
 price_stale_event
 price_steward
 price_survivorship_log
 price_survivorship_rule
 price_type
 price_type_mapping
 price_variance_event
 price_variance_threshold
 price_vendor_symbol
 product
 product_benchmark
 product_category
 product_change_request
 product_distribution
 product_distribution_channel
 product_document
 product_document_type
 product_dq_rule
 product_eligibility
 product_exception
 product_fee_schedule
 product_feed_health
 product_feed_schedule
 product_field_mapping
 product_golden_field
 product_golden_record
 product_identifier
 product_lifecycle_event
 product_lifecycle_event_type
 product_match_candidate
 product_match_rule
 product_merge_log
 product_platform
 product_registration
 product_registration_type
 product_security
 product_share_class
 product_share_class_fee
 product_share_class_type
 product_source_priority
 product_status
 product_steward
 product_strategy
 product_sub_type
 product_survivorship_log
 product_survivorship_rule
 product_target_market
 product_target_market_type
 product_type
 product_type_mapping
 product_vehicle
 rating
 rating_action
 rating_action_type
 rating_agency
 rating_bank
 rating_default
 rating_fund
 rating_insurance
 rating_internal
 rating_outlook
 rating_proprietary
 rating_scale
 rating_scale_map
 rating_type
 rating_watch
 recon_breaks
 recon_operations_config
 recon_operations_runs
 recon_statement_batches
 risk_rating
 rolling_convention
 sanctions_hit
 sanctions_list_source
 sanctions_screening
 schema_drift_notifications
 settlement_calendar
 settlement_rule
 settlement_rule_calendar
 source_of_wealth_type
 source_systems
 source_versions
 sources
 time_zone
 us_equities_master
 valuation_input
 valuation_model
 valuation_sensitivity
 vol_surface
 vol_surface_point
(314 rows)

Time: 9.526 ms
=== 0.2 alpha.oms inventory ===
    table_name    
------------------
 account
 allocation
 execution
 migration_log
 order_event
 order_link
 order_slice
 orders
 position
 position_lots
 security
 settlement
 subtype_registry
 trade_order
(14 rows)

Time: 5.544 ms
=== 0.3 alpha.edm inventory ===
           table_name            
---------------------------------
 async_jobs
 benchmark_master
 bp_team_instance_roles
 cash_balance_master
 cash_flow_trace
 cash_gold_trace
 cash_ledger
 cash_position_master
 compliance_breach
 compliance_evaluation
 compliance_lineage
 compliance_rule
 compliance_rule_master
 curve_master
 derivative_attributes
 dq_rules
 effective_permissions_artifacts
 equity_attributes
 etl_run
 exception_history
 fixed_income_attributes
 fund_attributes
 fx_rate_master
 gold_copy_lineage
 issuer_master
 job_exports
 job_items
 mandate_master
 mdm_calendar_golden
 mdm_calendar_lineage
 mdm_calendar_source
 mdm_ingestion_jobs
 mdm_source_registry
 mdm_stewardship_queue
 mdm_survivorship_policies
 performance_settings
 portfolio_golden
 portfolio_hierarchy
 portfolio_master
 portfolio_risk
 portfolio_source
 position_gold_trace
 position_lot_master
 position_master
 position_snapshot_master
 preference_versions
 price_gold_trace
 price_master
 quality_results
 quality_rules
 risk_factor
 risk_scenario
 risk_scenario_result
 rule_lineage
 scenario_lineage
 scheduled_job_runs
 scheduled_jobs
 security_factor_exposure
 security_gold_trace
 security_master
 source_analytics
 source_exceptions
 source_preferences
 source_registry
 strategy_master
 survivorship_rules
 transaction_cash_mapping
 transaction_flow_trace
 transaction_gold_trace
 transaction_master
 vol_surface_master
 wasm_module_version
(72 rows)

Time: 5.989 ms
=== 0.4 classification_scheme existence ===
 cs | cs_map 
----+--------
    | 
(1 row)

Time: 4.433 ms
=== 0.7 alpha.mdm FK inventory (all) ===
          constraint_name           |               from_table                |             to_table              |                                           definition                                           
------------------------------------+-----------------------------------------+-----------------------------------+------------------------------------------------------------------------------------------------
 fk_amc_party                       | mdm.adverse_media_check                 | mdm.party                         | FOREIGN KEY (party_id) REFERENCES mdm.party(id) ON DELETE CASCADE
 fk_bcr_bm                          | mdm.benchmark_change_request            | mdm.benchmark_master              | FOREIGN KEY (benchmark_id) REFERENCES mdm.benchmark_master(id)
 fk_bex_bm                          | mdm.benchmark_exception                 | mdm.benchmark_master              | FOREIGN KEY (benchmark_id) REFERENCES mdm.benchmark_master(id)
 fk_bex_source                      | mdm.benchmark_exception                 | mdm.source_systems                | FOREIGN KEY (source_system_id) REFERENCES mdm.source_systems(id)
 fk_bfh_source                      | mdm.benchmark_feed_health               | mdm.source_systems                | FOREIGN KEY (source_system_id) REFERENCES mdm.source_systems(id)
 fk_bfs_source                      | mdm.benchmark_feed_schedule             | mdm.source_systems                | FOREIGN KEY (source_system_id) REFERENCES mdm.source_systems(id)
 fk_bfm_source                      | mdm.benchmark_field_mapping             | mdm.source_systems                | FOREIGN KEY (source_system_id) REFERENCES mdm.source_systems(id)
 fk_bgd_pub                         | mdm.benchmark_golden_distribution       | mdm.benchmark_golden_publication  | FOREIGN KEY (publication_id) REFERENCES mdm.benchmark_golden_publication(id)
 fk_bgd_record                      | mdm.benchmark_golden_distribution       | mdm.benchmark_golden_record       | FOREIGN KEY (golden_record_id) REFERENCES mdm.benchmark_golden_record(id)
 fk_bgd_target                      | mdm.benchmark_golden_distribution       | mdm.source_systems                | FOREIGN KEY (target_system_id) REFERENCES mdm.source_systems(id)
 fk_bgf_record                      | mdm.benchmark_golden_field              | mdm.benchmark_golden_record       | FOREIGN KEY (golden_record_id) REFERENCES mdm.benchmark_golden_record(id) ON DELETE CASCADE
 fk_bgf_source                      | mdm.benchmark_golden_field              | mdm.source_systems                | FOREIGN KEY (source_system_id) REFERENCES mdm.source_systems(id)
 fk_bgr_benchmark                   | mdm.benchmark_golden_record             | mdm.benchmark_master              | FOREIGN KEY (benchmark_id) REFERENCES mdm.benchmark_master(id)
 fk_bh_child                        | mdm.benchmark_hierarchy                 | mdm.benchmark_master              | FOREIGN KEY (child_benchmark_id) REFERENCES mdm.benchmark_master(id) ON DELETE CASCADE
 fk_bh_parent                       | mdm.benchmark_hierarchy                 | mdm.benchmark_master              | FOREIGN KEY (parent_benchmark_id) REFERENCES mdm.benchmark_master(id) ON DELETE CASCADE
 fk_bhc_anc                         | mdm.benchmark_hierarchy_closure         | mdm.benchmark_master              | FOREIGN KEY (ancestor_benchmark_id) REFERENCES mdm.benchmark_master(id) ON DELETE CASCADE
 fk_bhc_desc                        | mdm.benchmark_hierarchy_closure         | mdm.benchmark_master              | FOREIGN KEY (descendant_benchmark_id) REFERENCES mdm.benchmark_master(id) ON DELETE CASCADE
 fk_bid_benchmark                   | mdm.benchmark_identifier                | mdm.benchmark_master              | FOREIGN KEY (benchmark_id) REFERENCES mdm.benchmark_master(id) ON DELETE CASCADE
 fk_bm_currency_var                 | mdm.benchmark_master                    | mdm.benchmark_currency_variant    | FOREIGN KEY (currency_variant_id) REFERENCES mdm.benchmark_currency_variant(id)
 fk_bm_merged                       | mdm.benchmark_master                    | mdm.benchmark_master              | FOREIGN KEY (merged_into_id) REFERENCES mdm.benchmark_master(id)
 fk_bm_provider                     | mdm.benchmark_master                    | mdm.benchmark_provider            | FOREIGN KEY (provider_id) REFERENCES mdm.benchmark_provider(id)
 fk_bm_rebal_freq                   | mdm.benchmark_master                    | mdm.benchmark_rebalance_frequency | FOREIGN KEY (rebalance_frequency_id) REFERENCES mdm.benchmark_rebalance_frequency(id)
 fk_bm_return_var                   | mdm.benchmark_master                    | mdm.benchmark_return_variant      | FOREIGN KEY (return_variant_id) REFERENCES mdm.benchmark_return_variant(id)
 fk_bm_source                       | mdm.benchmark_master                    | mdm.source_systems                | FOREIGN KEY (source_system_id) REFERENCES mdm.source_systems(id)
 fk_bm_successor                    | mdm.benchmark_master                    | mdm.benchmark_master              | FOREIGN KEY (successor_benchmark_id) REFERENCES mdm.benchmark_master(id)
 fk_bm_type                         | mdm.benchmark_master                    | mdm.benchmark_type                | FOREIGN KEY (benchmark_type_id) REFERENCES mdm.benchmark_type(id)
 fk_bm_weight_method                | mdm.benchmark_master                    | mdm.benchmark_weighting_method    | FOREIGN KEY (weighting_method_id) REFERENCES mdm.benchmark_weighting_method(id)
 fk_bmc_a                           | mdm.benchmark_match_candidate           | mdm.benchmark_master              | FOREIGN KEY (benchmark_id_a) REFERENCES mdm.benchmark_master(id)
 fk_bmc_b                           | mdm.benchmark_match_candidate           | mdm.benchmark_master              | FOREIGN KEY (benchmark_id_b) REFERENCES mdm.benchmark_master(id)
 fk_bmc_rule                        | mdm.benchmark_match_candidate           | mdm.benchmark_match_rule          | FOREIGN KEY (match_rule_id) REFERENCES mdm.benchmark_match_rule(id)
 fk_bml_merged                      | mdm.benchmark_merge_log                 | mdm.benchmark_master              | FOREIGN KEY (merged_benchmark_id) REFERENCES mdm.benchmark_master(id)
 fk_bml_surv                        | mdm.benchmark_merge_log                 | mdm.benchmark_master              | FOREIGN KEY (surviving_benchmark_id) REFERENCES mdm.benchmark_master(id)
 fk_bp_parent                       | mdm.benchmark_provider                  | mdm.benchmark_provider            | FOREIGN KEY (parent_provider_id) REFERENCES mdm.benchmark_provider(id)
 fk_brec_src_a                      | mdm.benchmark_reconciliation            | mdm.source_systems                | FOREIGN KEY (source_system_id_a) REFERENCES mdm.source_systems(id)
 fk_brec_src_b                      | mdm.benchmark_reconciliation            | mdm.source_systems                | FOREIGN KEY (source_system_id_b) REFERENCES mdm.source_systems(id)
 fk_brr_bm                          | mdm.benchmark_reconciliation_result     | mdm.benchmark_master              | FOREIGN KEY (benchmark_id) REFERENCES mdm.benchmark_master(id)
 fk_brr_rec                         | mdm.benchmark_reconciliation_result     | mdm.benchmark_reconciliation      | FOREIGN KEY (reconciliation_id) REFERENCES mdm.benchmark_reconciliation(id) ON DELETE CASCADE
 fk_bsp_source                      | mdm.benchmark_source_priority           | mdm.source_systems                | FOREIGN KEY (source_system_id) REFERENCES mdm.source_systems(id)
 fk_bst_provider                    | mdm.benchmark_steward                   | mdm.benchmark_provider            | FOREIGN KEY (provider_id) REFERENCES mdm.benchmark_provider(id)
 fk_bsl_benchmark                   | mdm.benchmark_survivorship_log          | mdm.benchmark_master              | FOREIGN KEY (benchmark_id) REFERENCES mdm.benchmark_master(id)
 fk_bsl_rule                        | mdm.benchmark_survivorship_log          | mdm.benchmark_survivorship_rule   | FOREIGN KEY (rule_id) REFERENCES mdm.benchmark_survivorship_rule(id)
 fk_btm_source                      | mdm.benchmark_type_mapping              | mdm.source_systems                | FOREIGN KEY (source_system_id) REFERENCES mdm.source_systems(id)
 fk_btm_type                        | mdm.benchmark_type_mapping              | mdm.benchmark_type                | FOREIGN KEY (internal_type_id) REFERENCES mdm.benchmark_type(id)
 fk_caai_meeting                    | mdm.ca_agenda_item                      | mdm.ca_meeting                    | FOREIGN KEY (meeting_id) REFERENCES mdm.ca_meeting(id) ON DELETE CASCADE
 fk_cabc_ca                         | mdm.ca_bond_call                        | mdm.ca_event                      | FOREIGN KEY (ca_event_id) REFERENCES mdm.ca_event(id)
 fk_cabp_ca                         | mdm.ca_bond_put                         | mdm.ca_event                      | FOREIGN KEY (ca_event_id) REFERENCES mdm.ca_event(id)
 fk_cacc_ca                         | mdm.ca_cash_component                   | mdm.ca_event                      | FOREIGN KEY (ca_event_id) REFERENCES mdm.ca_event(id) ON DELETE CASCADE
 fk_cacc_ptype                      | mdm.ca_cash_component                   | mdm.ca_payment_type               | FOREIGN KEY (payment_type_id) REFERENCES mdm.ca_payment_type(id)
 fk_cacr_ca                         | mdm.ca_change_request                   | mdm.ca_event                      | FOREIGN KEY (ca_event_id) REFERENCES mdm.ca_event(id)
 fk_cacons_ca                       | mdm.ca_consent_solicitation             | mdm.ca_event                      | FOREIGN KEY (ca_event_id) REFERENCES mdm.ca_event(id) ON DELETE CASCADE
 fk_caconv_ca                       | mdm.ca_conversion                       | mdm.ca_event                      | FOREIGN KEY (ca_event_id) REFERENCES mdm.ca_event(id)
 fk_cade_ca                         | mdm.ca_default_event                    | mdm.ca_event                      | FOREIGN KEY (ca_event_id) REFERENCES mdm.ca_event(id)
 fk_cade_issuer                     | mdm.ca_default_event                    | edm.issuer_master                 | FOREIGN KEY (issuer_id) REFERENCES edm.issuer_master(id)
 fk_caed_ca                         | mdm.ca_election_deadline                | mdm.ca_event                      | FOREIGN KEY (ca_event_id) REFERENCES mdm.ca_event(id) ON DELETE CASCADE
 fk_caed_tz                         | mdm.ca_election_deadline                | mdm.time_zone                     | FOREIGN KEY (deadline_timezone_id) REFERENCES mdm.time_zone(id)
 fk_caei_ca                         | mdm.ca_election_instruction             | mdm.ca_event                      | FOREIGN KEY (ca_event_id) REFERENCES mdm.ca_event(id) ON DELETE CASCADE
 fk_caei_option                     | mdm.ca_election_instruction             | mdm.ca_election_option            | FOREIGN KEY (election_option_id) REFERENCES mdm.ca_election_option(id)
 fk_caeo_ca                         | mdm.ca_election_option                  | mdm.ca_event                      | FOREIGN KEY (ca_event_id) REFERENCES mdm.ca_event(id) ON DELETE CASCADE
 fk_caeo_etype                      | mdm.ca_election_option                  | mdm.ca_election_type              | FOREIGN KEY (election_type_id) REFERENCES mdm.ca_election_type(id)
 fk_cae_etype                       | mdm.ca_event                            | mdm.ca_event_type                 | FOREIGN KEY (event_type_id) REFERENCES mdm.ca_event_type(id)
 fk_cae_issuer                      | mdm.ca_event                            | edm.issuer_master                 | FOREIGN KEY (issuer_id) REFERENCES edm.issuer_master(id)
 fk_cae_merged                      | mdm.ca_event                            | mdm.ca_event                      | FOREIGN KEY (merged_into_id) REFERENCES mdm.ca_event(id)
 fk_cae_mtype                       | mdm.ca_event                            | mdm.ca_mandatory_type             | FOREIGN KEY (mandatory_type_id) REFERENCES mdm.ca_mandatory_type(id)
 fk_cae_parent                      | mdm.ca_event                            | mdm.ca_event                      | FOREIGN KEY (parent_ca_id) REFERENCES mdm.ca_event(id)
 fk_cae_source                      | mdm.ca_event                            | mdm.source_systems                | FOREIGN KEY (source_system_id) REFERENCES mdm.source_systems(id)
 fk_cae_status                      | mdm.ca_event                            | mdm.ca_status                     | FOREIGN KEY (status_id) REFERENCES mdm.ca_status(id)
 fk_cae_superseded                  | mdm.ca_event                            | mdm.ca_event                      | FOREIGN KEY (superseded_by_id) REFERENCES mdm.ca_event(id)
 fk_cae_supersedes                  | mdm.ca_event                            | mdm.ca_event                      | FOREIGN KEY (supersedes_id) REFERENCES mdm.ca_event(id)
 fk_cae_tz                          | mdm.ca_event                            | mdm.time_zone                     | FOREIGN KEY (election_deadline_timezone_id) REFERENCES mdm.time_zone(id)
 fk_caex_ca                         | mdm.ca_exception                        | mdm.ca_event                      | FOREIGN KEY (ca_event_id) REFERENCES mdm.ca_event(id)
 fk_caex_source                     | mdm.ca_exception                        | mdm.source_systems                | FOREIGN KEY (source_system_id) REFERENCES mdm.source_systems(id)
 fk_cafm_source                     | mdm.ca_field_mapping                    | mdm.source_systems                | FOREIGN KEY (mdm_source_system_id) REFERENCES mdm.source_systems(id)
 fk_cafd_ca                         | mdm.ca_fund_distribution                | mdm.ca_event                      | FOREIGN KEY (ca_event_id) REFERENCES mdm.ca_event(id) ON DELETE CASCADE
 fk_cafl_ca                         | mdm.ca_fund_liquidation                 | mdm.ca_event                      | FOREIGN KEY (ca_event_id) REFERENCES mdm.ca_event(id) ON DELETE CASCADE
 fk_cafr_ca                         | mdm.ca_fund_reorganization              | mdm.ca_event                      | FOREIGN KEY (ca_event_id) REFERENCES mdm.ca_event(id) ON DELETE CASCADE
 fk_cagf_record                     | mdm.ca_golden_field                     | mdm.ca_golden_record              | FOREIGN KEY (golden_record_id) REFERENCES mdm.ca_golden_record(id) ON DELETE CASCADE
 fk_cagf_source                     | mdm.ca_golden_field                     | mdm.source_systems                | FOREIGN KEY (source_system_id) REFERENCES mdm.source_systems(id)
 fk_cagr_ca                         | mdm.ca_golden_record                    | mdm.ca_event                      | FOREIGN KEY (ca_event_id) REFERENCES mdm.ca_event(id)
 fk_cai_ca                          | mdm.ca_identifier                       | mdm.ca_event                      | FOREIGN KEY (ca_event_id) REFERENCES mdm.ca_event(id) ON DELETE CASCADE
 fk_calcr_calendar                  | mdm.calendar_change_request             | mdm.calendar_master               | FOREIGN KEY (calendar_id) REFERENCES mdm.calendar_master(id)
 fk_calclass_calendar               | mdm.calendar_classification             | mdm.calendar_master               | FOREIGN KEY (calendar_id) REFERENCES mdm.calendar_master(id) ON DELETE CASCADE
 fk_cday_calendar                   | mdm.calendar_day                        | mdm.calendar_master               | FOREIGN KEY (calendar_id) REFERENCES mdm.calendar_master(id) ON DELETE CASCADE
 fk_cday_holiday                    | mdm.calendar_day                        | mdm.holiday_definition            | FOREIGN KEY (primary_holiday_id) REFERENCES mdm.holiday_definition(id)
 fk_calex_calendar                  | mdm.calendar_exception                  | mdm.calendar_master               | FOREIGN KEY (calendar_id) REFERENCES mdm.calendar_master(id)
 fk_calex_source                    | mdm.calendar_exception                  | mdm.calendar_source               | FOREIGN KEY (calendar_source_id) REFERENCES mdm.calendar_source(id)
 fk_calfm_source                    | mdm.calendar_field_mapping              | mdm.source_systems                | FOREIGN KEY (mdm_source_system_id) REFERENCES mdm.source_systems(id)
 fk_calgf_record                    | mdm.calendar_golden_field               | mdm.calendar_golden_record        | FOREIGN KEY (golden_record_id) REFERENCES mdm.calendar_golden_record(id) ON DELETE CASCADE
 fk_calgf_source                    | mdm.calendar_golden_field               | mdm.calendar_source               | FOREIGN KEY (calendar_source_id) REFERENCES mdm.calendar_source(id)
 fk_calgr_calendar                  | mdm.calendar_golden_record              | mdm.calendar_master               | FOREIGN KEY (calendar_id) REFERENCES mdm.calendar_master(id)
 fk_calh_child                      | mdm.calendar_hierarchy                  | mdm.calendar_master               | FOREIGN KEY (child_calendar_id) REFERENCES mdm.calendar_master(id) ON DELETE CASCADE
 fk_calh_parent                     | mdm.calendar_hierarchy                  | mdm.calendar_master               | FOREIGN KEY (parent_calendar_id) REFERENCES mdm.calendar_master(id) ON DELETE CASCADE
 fk_calh_type                       | mdm.calendar_hierarchy                  | mdm.calendar_hierarchy_type       | FOREIGN KEY (hierarchy_type_id) REFERENCES mdm.calendar_hierarchy_type(id)
 fk_calhc_anc                       | mdm.calendar_hierarchy_closure          | mdm.calendar_master               | FOREIGN KEY (ancestor_calendar_id) REFERENCES mdm.calendar_master(id) ON DELETE CASCADE
 fk_calhc_desc                      | mdm.calendar_hierarchy_closure          | mdm.calendar_master               | FOREIGN KEY (descendant_calendar_id) REFERENCES mdm.calendar_master(id) ON DELETE CASCADE
 fk_cali_calendar                   | mdm.calendar_identifier                 | mdm.calendar_master               | FOREIGN KEY (calendar_id) REFERENCES mdm.calendar_master(id) ON DELETE CASCADE
 fk_cal_hier                        | mdm.calendar_master                     | mdm.calendar_hierarchy_type       | FOREIGN KEY (hierarchy_type_id) REFERENCES mdm.calendar_hierarchy_type(id)
 fk_cal_merged                      | mdm.calendar_master                     | mdm.calendar_master               | FOREIGN KEY (merged_into_id) REFERENCES mdm.calendar_master(id)
 fk_cal_parent                      | mdm.calendar_master                     | mdm.calendar_master               | FOREIGN KEY (parent_calendar_id) REFERENCES mdm.calendar_master(id)
 fk_cal_replaced                    | mdm.calendar_master                     | mdm.calendar_master               | FOREIGN KEY (replaced_by_calendar_id) REFERENCES mdm.calendar_master(id)
 fk_cal_src                         | mdm.calendar_master                     | mdm.calendar_source               | FOREIGN KEY (primary_source_id) REFERENCES mdm.calendar_source(id)
 fk_cal_srcsys                      | mdm.calendar_master                     | mdm.source_systems                | FOREIGN KEY (source_system_id) REFERENCES mdm.source_systems(id)
 fk_cal_type                        | mdm.calendar_master                     | mdm.calendar_type                 | FOREIGN KEY (calendar_type_id) REFERENCES mdm.calendar_type(id)
 fk_cal_tz                          | mdm.calendar_master                     | mdm.time_zone                     | FOREIGN KEY (primary_time_zone_id) REFERENCES mdm.time_zone(id)
 fk_calmc_a                         | mdm.calendar_match_candidate            | mdm.calendar_master               | FOREIGN KEY (calendar_id_a) REFERENCES mdm.calendar_master(id)
 fk_calmc_b                         | mdm.calendar_match_candidate            | mdm.calendar_master               | FOREIGN KEY (calendar_id_b) REFERENCES mdm.calendar_master(id)
 fk_calmc_rule                      | mdm.calendar_match_candidate            | mdm.calendar_match_rule           | FOREIGN KEY (match_rule_id) REFERENCES mdm.calendar_match_rule(id)
 fk_calml_merged                    | mdm.calendar_merge_log                  | mdm.calendar_master               | FOREIGN KEY (merged_calendar_id) REFERENCES mdm.calendar_master(id)
 fk_calml_surv                      | mdm.calendar_merge_log                  | mdm.calendar_master               | FOREIGN KEY (surviving_calendar_id) REFERENCES mdm.calendar_master(id)
 fk_calrec_src_a                    | mdm.calendar_reconciliation             | mdm.calendar_source               | FOREIGN KEY (calendar_source_id_a) REFERENCES mdm.calendar_source(id)
 fk_calrec_src_b                    | mdm.calendar_reconciliation             | mdm.calendar_source               | FOREIGN KEY (calendar_source_id_b) REFERENCES mdm.calendar_source(id)
 fk_calrule_calendar                | mdm.calendar_rule                       | mdm.calendar_master               | FOREIGN KEY (calendar_id) REFERENCES mdm.calendar_master(id) ON DELETE CASCADE
 fk_csess_day                       | mdm.calendar_session                    | mdm.calendar_day                  | FOREIGN KEY (calendar_day_id) REFERENCES mdm.calendar_day(id) ON DELETE CASCADE
 fk_csess_tz                        | mdm.calendar_session                    | mdm.time_zone                     | FOREIGN KEY (time_zone_id) REFERENCES mdm.time_zone(id)
 fk_calsrc_parent                   | mdm.calendar_source                     | mdm.calendar_source               | FOREIGN KEY (parent_source_id) REFERENCES mdm.calendar_source(id)
 fk_calsa_mdm                       | mdm.calendar_source_alias               | mdm.source_systems                | FOREIGN KEY (mdm_source_system_id) REFERENCES mdm.source_systems(id)
 fk_calsa_source                    | mdm.calendar_source_alias               | mdm.calendar_source               | FOREIGN KEY (calendar_source_id) REFERENCES mdm.calendar_source(id)
 fk_calsp_source                    | mdm.calendar_source_priority            | mdm.calendar_source               | FOREIGN KEY (calendar_source_id) REFERENCES mdm.calendar_source(id)
 fk_cse_tz                          | mdm.calendar_special_event              | mdm.time_zone                     | FOREIGN KEY (time_zone_id) REFERENCES mdm.time_zone(id)
 fk_csei_calendar                   | mdm.calendar_special_event_impact       | mdm.calendar_master               | FOREIGN KEY (calendar_id) REFERENCES mdm.calendar_master(id)
 fk_csei_event                      | mdm.calendar_special_event_impact       | mdm.calendar_special_event        | FOREIGN KEY (special_event_id) REFERENCES mdm.calendar_special_event(id) ON DELETE CASCADE
 fk_calsl_calendar                  | mdm.calendar_survivorship_log           | mdm.calendar_master               | FOREIGN KEY (calendar_id) REFERENCES mdm.calendar_master(id)
 fk_calsl_rule                      | mdm.calendar_survivorship_log           | mdm.calendar_survivorship_rule    | FOREIGN KEY (rule_id) REFERENCES mdm.calendar_survivorship_rule(id)
 fk_caltm_source                    | mdm.calendar_type_mapping               | mdm.source_systems                | FOREIGN KEY (mdm_source_system_id) REFERENCES mdm.source_systems(id)
 fk_camc_a                          | mdm.ca_match_candidate                  | mdm.ca_event                      | FOREIGN KEY (ca_event_id_a) REFERENCES mdm.ca_event(id)
 fk_camc_b                          | mdm.ca_match_candidate                  | mdm.ca_event                      | FOREIGN KEY (ca_event_id_b) REFERENCES mdm.ca_event(id)
 fk_camc_rule                       | mdm.ca_match_candidate                  | mdm.ca_match_rule                 | FOREIGN KEY (match_rule_id) REFERENCES mdm.ca_match_rule(id)
 fk_cam_ca                          | mdm.ca_meeting                          | mdm.ca_event                      | FOREIGN KEY (ca_event_id) REFERENCES mdm.ca_event(id) ON DELETE CASCADE
 fk_cam_issuer                      | mdm.ca_meeting                          | edm.issuer_master                 | FOREIGN KEY (issuer_id) REFERENCES edm.issuer_master(id)
 fk_cam_tz                          | mdm.ca_meeting                          | mdm.time_zone                     | FOREIGN KEY (meeting_timezone_id) REFERENCES mdm.time_zone(id)
 fk_cam_vtz                         | mdm.ca_meeting                          | mdm.time_zone                     | FOREIGN KEY (voting_deadline_timezone_id) REFERENCES mdm.time_zone(id)
 fk_caml_merged                     | mdm.ca_merge_log                        | mdm.ca_event                      | FOREIGN KEY (merged_ca_id) REFERENCES mdm.ca_event(id)
 fk_caml_surv                       | mdm.ca_merge_log                        | mdm.ca_event                      | FOREIGN KEY (surviving_ca_id) REFERENCES mdm.ca_event(id)
 candidates_domain_id_fkey          | mdm.candidates                          | mdm.domains                       | FOREIGN KEY (domain_id) REFERENCES mdm.domains(domain_id)
 candidates_source_id_fkey          | mdm.candidates                          | mdm.sources                       | FOREIGN KEY (source_id) REFERENCES mdm.sources(source_id)
 fk_capv_item                       | mdm.ca_proxy_vote                       | mdm.ca_agenda_item                | FOREIGN KEY (agenda_item_id) REFERENCES mdm.ca_agenda_item(id)
 fk_capv_meeting                    | mdm.ca_proxy_vote                       | mdm.ca_meeting                    | FOREIGN KEY (meeting_id) REFERENCES mdm.ca_meeting(id) ON DELETE CASCADE
 fk_carh_ca                         | mdm.ca_ratio_history                    | mdm.ca_event                      | FOREIGN KEY (ca_event_id) REFERENCES mdm.ca_event(id) ON DELETE CASCADE
 fk_cas_ca                          | mdm.ca_security                         | mdm.ca_event                      | FOREIGN KEY (ca_event_id) REFERENCES mdm.ca_event(id) ON DELETE CASCADE
 fk_casf_ca                         | mdm.ca_sinking_fund                     | mdm.ca_event                      | FOREIGN KEY (ca_event_id) REFERENCES mdm.ca_event(id)
 fk_casp_source                     | mdm.ca_source_priority                  | mdm.source_systems                | FOREIGN KEY (source_system_id) REFERENCES mdm.source_systems(id)
 fk_casc_ca                         | mdm.ca_stock_component                  | mdm.ca_event                      | FOREIGN KEY (ca_event_id) REFERENCES mdm.ca_event(id) ON DELETE CASCADE
 fk_casl_ca                         | mdm.ca_survivorship_log                 | mdm.ca_event                      | FOREIGN KEY (ca_event_id) REFERENCES mdm.ca_event(id)
 fk_casl_rule                       | mdm.ca_survivorship_log                 | mdm.ca_survivorship_rule          | FOREIGN KEY (rule_id) REFERENCES mdm.ca_survivorship_rule(id)
 fk_caterm_ca                       | mdm.ca_term                             | mdm.ca_event                      | FOREIGN KEY (ca_event_id) REFERENCES mdm.ca_event(id) ON DELETE CASCADE
 fk_catm_source                     | mdm.ca_type_mapping                     | mdm.source_systems                | FOREIGN KEY (mdm_source_system_id) REFERENCES mdm.source_systems(id)
 fk_cbcal_calendar                  | mdm.central_bank_calendar               | mdm.calendar_master               | FOREIGN KEY (calendar_id) REFERENCES mdm.calendar_master(id)
 fk_cbcal_tz                        | mdm.central_bank_calendar               | mdm.time_zone                     | FOREIGN KEY (time_zone_id) REFERENCES mdm.time_zone(id)
 fk_cg_merged                       | mdm.client_group                        | mdm.client_group                  | FOREIGN KEY (merged_into_id) REFERENCES mdm.client_group(id)
 fk_cg_parent                       | mdm.client_group                        | mdm.client_group                  | FOREIGN KEY (parent_client_group_id) REFERENCES mdm.client_group(id)
 fk_cg_primary                      | mdm.client_group                        | mdm.party                         | FOREIGN KEY (primary_party_id) REFERENCES mdm.party(id)
 fk_cgh_child                       | mdm.client_group_hierarchy              | mdm.client_group                  | FOREIGN KEY (child_client_group_id) REFERENCES mdm.client_group(id) ON DELETE CASCADE
 fk_cgh_parent                      | mdm.client_group_hierarchy              | mdm.client_group                  | FOREIGN KEY (parent_client_group_id) REFERENCES mdm.client_group(id) ON DELETE CASCADE
 fk_cghc_anc                        | mdm.client_group_hierarchy_closure      | mdm.client_group                  | FOREIGN KEY (ancestor_client_group_id) REFERENCES mdm.client_group(id) ON DELETE CASCADE
 fk_cghc_desc                       | mdm.client_group_hierarchy_closure      | mdm.client_group                  | FOREIGN KEY (descendant_client_group_id) REFERENCES mdm.client_group(id) ON DELETE CASCADE
 fk_cgm_group                       | mdm.client_group_membership             | mdm.client_group                  | FOREIGN KEY (client_group_id) REFERENCES mdm.client_group(id) ON DELETE CASCADE
 fk_cgs_group                       | mdm.client_group_servicing              | mdm.client_group                  | FOREIGN KEY (client_group_id) REFERENCES mdm.client_group(id) ON DELETE CASCADE
 fk_cgu_group                       | mdm.client_group_user                   | mdm.client_group                  | FOREIGN KEY (client_group_id) REFERENCES mdm.client_group(id) ON DELETE CASCADE
 fk_cgu_party                       | mdm.client_group_user                   | mdm.party                         | FOREIGN KEY (party_id) REFERENCES mdm.party(id)
 fk_cpty_contact                    | mdm.counterparty                        | mdm.party                         | FOREIGN KEY (primary_contact_party_id) REFERENCES mdm.party(id)
 fk_cpty_issuer                     | mdm.counterparty                        | edm.issuer_master                 | FOREIGN KEY (issuer_id) REFERENCES edm.issuer_master(id)
 fk_cpty_merged                     | mdm.counterparty                        | mdm.counterparty                  | FOREIGN KEY (merged_into_id) REFERENCES mdm.counterparty(id)
 fk_cpty_party                      | mdm.counterparty                        | mdm.party                         | FOREIGN KEY (party_id) REFERENCES mdm.party(id)
 fk_cpty_rm                         | mdm.counterparty                        | mdm.party                         | FOREIGN KEY (relationship_manager_party_id) REFERENCES mdm.party(id)
 fk_cpty_status                     | mdm.counterparty                        | mdm.counterparty_status           | FOREIGN KEY (status_id) REFERENCES mdm.counterparty_status(id)
 fk_cpty_type                       | mdm.counterparty                        | mdm.counterparty_type             | FOREIGN KEY (counterparty_type_id) REFERENCES mdm.counterparty_type(id)
 fk_cpa_cpty                        | mdm.counterparty_agreement              | mdm.counterparty                  | FOREIGN KEY (counterparty_id) REFERENCES mdm.counterparty(id) ON DELETE CASCADE
 fk_cpa_parent                      | mdm.counterparty_agreement              | mdm.counterparty_agreement        | FOREIGN KEY (parent_agreement_id) REFERENCES mdm.counterparty_agreement(id)
 fk_cpa_type                        | mdm.counterparty_agreement              | mdm.agreement_type                | FOREIGN KEY (agreement_type_id) REFERENCES mdm.agreement_type(id)
 fk_cpat_agreement                  | mdm.counterparty_agreement_term         | mdm.counterparty_agreement        | FOREIGN KEY (agreement_id) REFERENCES mdm.counterparty_agreement(id) ON DELETE CASCADE
 fk_cpcr_cpty                       | mdm.counterparty_change_request         | mdm.counterparty                  | FOREIGN KEY (counterparty_id) REFERENCES mdm.counterparty(id)
 fk_ccl_cpty                        | mdm.counterparty_credit_limit           | mdm.counterparty                  | FOREIGN KEY (counterparty_id) REFERENCES mdm.counterparty(id) ON DELETE CASCADE
 fk_ccp_cpty                        | mdm.counterparty_credit_profile         | mdm.counterparty                  | FOREIGN KEY (counterparty_id) REFERENCES mdm.counterparty(id) ON DELETE CASCADE
 fk_cdd_cpty                        | mdm.counterparty_due_diligence          | mdm.counterparty                  | FOREIGN KEY (counterparty_id) REFERENCES mdm.counterparty(id) ON DELETE CASCADE
 fk_cpex_cpty                       | mdm.counterparty_exception              | mdm.counterparty                  | FOREIGN KEY (counterparty_id) REFERENCES mdm.counterparty(id)
 fk_cex_cpty                        | mdm.counterparty_exposure               | mdm.counterparty                  | FOREIGN KEY (counterparty_id) REFERENCES mdm.counterparty(id) ON DELETE CASCADE
 fk_cex_limit                       | mdm.counterparty_exposure               | mdm.counterparty_credit_limit     | FOREIGN KEY (credit_limit_id) REFERENCES mdm.counterparty_credit_limit(id)
 fk_cpgf_record                     | mdm.counterparty_golden_field           | mdm.counterparty_golden_record    | FOREIGN KEY (golden_record_id) REFERENCES mdm.counterparty_golden_record(id) ON DELETE CASCADE
 fk_cpgf_source                     | mdm.counterparty_golden_field           | mdm.source_systems                | FOREIGN KEY (source_system_id) REFERENCES mdm.source_systems(id)
 fk_cpgr_cpty                       | mdm.counterparty_golden_record          | mdm.counterparty                  | FOREIGN KEY (counterparty_id) REFERENCES mdm.counterparty(id)
 fk_cpi_cpty                        | mdm.counterparty_identifier             | mdm.counterparty                  | FOREIGN KEY (counterparty_id) REFERENCES mdm.counterparty(id) ON DELETE CASCADE
 fk_cpmc_a                          | mdm.counterparty_match_candidate        | mdm.counterparty                  | FOREIGN KEY (counterparty_id_a) REFERENCES mdm.counterparty(id)
 fk_cpmc_b                          | mdm.counterparty_match_candidate        | mdm.counterparty                  | FOREIGN KEY (counterparty_id_b) REFERENCES mdm.counterparty(id)
 fk_cpmc_rule                       | mdm.counterparty_match_candidate        | mdm.counterparty_match_rule       | FOREIGN KEY (match_rule_id) REFERENCES mdm.counterparty_match_rule(id)
 fk_cpml_merged                     | mdm.counterparty_merge_log              | mdm.counterparty                  | FOREIGN KEY (merged_counterparty_id) REFERENCES mdm.counterparty(id)
 fk_cpml_surv                       | mdm.counterparty_merge_log              | mdm.counterparty                  | FOREIGN KEY (surviving_counterparty_id) REFERENCES mdm.counterparty(id)
 fk_cpra_cpty                       | mdm.counterparty_role_assignment        | mdm.counterparty                  | FOREIGN KEY (counterparty_id) REFERENCES mdm.counterparty(id) ON DELETE CASCADE
 fk_cpra_role                       | mdm.counterparty_role_assignment        | mdm.counterparty_role             | FOREIGN KEY (role_id) REFERENCES mdm.counterparty_role(id)
 fk_cpsi_cpty                       | mdm.counterparty_settlement_instruction | mdm.counterparty                  | FOREIGN KEY (counterparty_id) REFERENCES mdm.counterparty(id) ON DELETE CASCADE
 fk_cm_category                     | mdm.curve_master                        | mdm.curve_category                | FOREIGN KEY (category_id) REFERENCES mdm.curve_category(id)
 fk_cm_comp                         | mdm.curve_master                        | mdm.curve_compounding_frequency   | FOREIGN KEY (compounding_frequency_id) REFERENCES mdm.curve_compounding_frequency(id)
 fk_cm_interp                       | mdm.curve_master                        | mdm.curve_interpolation_method    | FOREIGN KEY (interpolation_method_id) REFERENCES mdm.curve_interpolation_method(id)
 fk_cm_parent                       | mdm.curve_master                        | mdm.curve_master                  | FOREIGN KEY (parent_curve_id) REFERENCES mdm.curve_master(id)
 fk_cm_source                       | mdm.curve_master                        | mdm.price_source                  | FOREIGN KEY (source_id) REFERENCES mdm.price_source(id)
 fk_cpt_curve                       | mdm.curve_point                         | mdm.curve_master                  | FOREIGN KEY (curve_id) REFERENCES mdm.curve_master(id) ON DELETE CASCADE
 fk_cpt_obs                         | mdm.curve_point                         | mdm.price_observation_type        | FOREIGN KEY (observation_type_id) REFERENCES mdm.price_observation_type(id)
 fk_cpt_tier                        | mdm.curve_point                         | mdm.price_quality_tier            | FOREIGN KEY (quality_tier_id) REFERENCES mdm.price_quality_tier(id)
 fk_csnap_curve                     | mdm.curve_snapshot                      | mdm.curve_master                  | FOREIGN KEY (curve_id) REFERENCES mdm.curve_master(id) ON DELETE CASCADE
 fk_csnap_source                    | mdm.curve_snapshot                      | mdm.price_source                  | FOREIGN KEY (source_id) REFERENCES mdm.price_source(id)
 fk_fvc_level                       | mdm.fair_value_classification           | mdm.fair_value_level              | FOREIGN KEY (fair_value_level_id) REFERENCES mdm.fair_value_level(id)
 fk_fcc_party                       | mdm.fatca_crs_classification            | mdm.party                         | FOREIGN KEY (party_id) REFERENCES mdm.party(id) ON DELETE CASCADE
 fk_fcc_status                      | mdm.fatca_crs_classification            | mdm.fatca_crs_status              | FOREIGN KEY (status_id) REFERENCES mdm.fatca_crs_status(id)
 fk_fundcal_dealing                 | mdm.fund_calendar                       | mdm.calendar_master               | FOREIGN KEY (dealing_calendar_id) REFERENCES mdm.calendar_master(id)
 fk_fundcal_navpub                  | mdm.fund_calendar                       | mdm.calendar_master               | FOREIGN KEY (nav_publication_calendar_id) REFERENCES mdm.calendar_master(id)
 fk_fundcal_payment                 | mdm.fund_calendar                       | mdm.calendar_master               | FOREIGN KEY (payment_calendar_id) REFERENCES mdm.calendar_master(id)
 fk_fundcal_settlement              | mdm.fund_calendar                       | mdm.calendar_master               | FOREIGN KEY (settlement_calendar_id) REFERENCES mdm.calendar_master(id)
 fk_fundcal_tz_dealing              | mdm.fund_calendar                       | mdm.time_zone                     | FOREIGN KEY (dealing_timezone_id) REFERENCES mdm.time_zone(id)
 fk_fundcal_tz_val                  | mdm.fund_calendar                       | mdm.time_zone                     | FOREIGN KEY (valuation_timezone_id) REFERENCES mdm.time_zone(id)
 fk_fundcal_valuation               | mdm.fund_calendar                       | mdm.calendar_master               | FOREIGN KEY (valuation_calendar_id) REFERENCES mdm.calendar_master(id)
 fk_fce_fund_calendar               | mdm.fund_calendar_exception             | mdm.fund_calendar                 | FOREIGN KEY (fund_calendar_id) REFERENCES mdm.fund_calendar(id) ON DELETE CASCADE
 fk_fcr_fund_calendar               | mdm.fund_calendar_rule                  | mdm.fund_calendar                 | FOREIGN KEY (fund_calendar_id) REFERENCES mdm.fund_calendar(id) ON DELETE CASCADE
 fund_hierarchy_child_fund_id_fkey  | mdm.fund_hierarchy                      | mdm.mdm_funds                     | FOREIGN KEY (child_fund_id) REFERENCES mdm.mdm_funds(id)
 fund_hierarchy_parent_fund_id_fkey | mdm.fund_hierarchy                      | mdm.mdm_funds                     | FOREIGN KEY (parent_fund_id) REFERENCES mdm.mdm_funds(id)
 fund_hierarchy_tenant_id_fkey      | mdm.fund_hierarchy                      | public.tenants                    | FOREIGN KEY (tenant_id) REFERENCES public.tenants(id)
 fk_fxrm_source                     | mdm.fx_rate_master                      | mdm.price_source                  | FOREIGN KEY (source_id) REFERENCES mdm.price_source(id)
 fk_fxrm_tier                       | mdm.fx_rate_master                      | mdm.price_quality_tier            | FOREIGN KEY (quality_tier_id) REFERENCES mdm.price_quality_tier(id)
 fk_hd_rule                         | mdm.holiday_definition                  | mdm.holiday_rule_type             | FOREIGN KEY (rule_type_id) REFERENCES mdm.holiday_rule_type(id)
 fk_hd_type                         | mdm.holiday_definition                  | mdm.holiday_type                  | FOREIGN KEY (holiday_type_id) REFERENCES mdm.holiday_type(id)
 fk_hdc_calendar                    | mdm.holiday_definition_calendar         | mdm.calendar_master               | FOREIGN KEY (calendar_id) REFERENCES mdm.calendar_master(id) ON DELETE CASCADE
 fk_hdc_holiday                     | mdm.holiday_definition_calendar         | mdm.holiday_definition            | FOREIGN KEY (holiday_definition_id) REFERENCES mdm.holiday_definition(id) ON DELETE CASCADE
 fk_hmd_holiday                     | mdm.holiday_manual_date                 | mdm.holiday_definition            | FOREIGN KEY (holiday_definition_id) REFERENCES mdm.holiday_definition(id) ON DELETE CASCADE
 fk_kycd_party                      | mdm.kyc_document                        | mdm.party                         | FOREIGN KEY (party_id) REFERENCES mdm.party(id) ON DELETE CASCADE
 fk_kycd_type                       | mdm.kyc_document                        | mdm.party_document_type           | FOREIGN KEY (document_type_id) REFERENCES mdm.party_document_type(id)
 fk_kyc_party                       | mdm.kyc_profile                         | mdm.party                         | FOREIGN KEY (party_id) REFERENCES mdm.party(id) ON DELETE CASCADE
 fk_kyc_risk                        | mdm.kyc_profile                         | mdm.risk_rating                   | FOREIGN KEY (risk_rating_id) REFERENCES mdm.risk_rating(id)
 fk_kyc_status                      | mdm.kyc_profile                         | mdm.kyc_status                    | FOREIGN KEY (kyc_status_id) REFERENCES mdm.kyc_status(id)
 match_rules_domain_id_fkey         | mdm.match_rules                         | mdm.domains                       | FOREIGN KEY (domain_id) REFERENCES mdm.domains(domain_id) ON DELETE CASCADE
 merge_events_domain_id_fkey        | mdm.merge_events                        | mdm.domains                       | FOREIGN KEY (domain_id) REFERENCES mdm.domains(domain_id)
 merge_events_source_id_fkey        | mdm.merge_events                        | mdm.sources                       | FOREIGN KEY (source_id) REFERENCES mdm.sources(source_id)
 fk_paddr_party                     | mdm.party_address                       | mdm.party                         | FOREIGN KEY (party_id) REFERENCES mdm.party(id) ON DELETE CASCADE
 fk_pcr_party                       | mdm.party_change_request                | mdm.party                         | FOREIGN KEY (party_id) REFERENCES mdm.party(id)
 fk_pcon_party                      | mdm.party_consent                       | mdm.party                         | FOREIGN KEY (party_id) REFERENCES mdm.party(id) ON DELETE CASCADE
 fk_pcont_party                     | mdm.party_contact                       | mdm.party                         | FOREIGN KEY (party_id) REFERENCES mdm.party(id) ON DELETE CASCADE
 fk_pctl_controlled                 | mdm.party_control                       | mdm.party                         | FOREIGN KEY (controlled_party_id) REFERENCES mdm.party(id) ON DELETE CASCADE
 fk_pctl_controller                 | mdm.party_control                       | mdm.party                         | FOREIGN KEY (controller_party_id) REFERENCES mdm.party(id) ON DELETE CASCADE
 fk_pex_party                       | mdm.party_exception                     | mdm.party                         | FOREIGN KEY (party_id) REFERENCES mdm.party(id)
 fk_pgf_record                      | mdm.party_golden_field                  | mdm.party_golden_record           | FOREIGN KEY (golden_record_id) REFERENCES mdm.party_golden_record(id) ON DELETE CASCADE
 fk_pgf_source                      | mdm.party_golden_field                  | mdm.source_systems                | FOREIGN KEY (source_system_id) REFERENCES mdm.source_systems(id)
 fk_pgr_party                       | mdm.party_golden_record                 | mdm.party                         | FOREIGN KEY (party_id) REFERENCES mdm.party(id)
 fk_ph_child                        | mdm.party_hierarchy                     | mdm.party                         | FOREIGN KEY (child_party_id) REFERENCES mdm.party(id) ON DELETE CASCADE
 fk_ph_parent                       | mdm.party_hierarchy                     | mdm.party                         | FOREIGN KEY (parent_party_id) REFERENCES mdm.party(id) ON DELETE CASCADE
 fk_phc_anc                         | mdm.party_hierarchy_closure             | mdm.party                         | FOREIGN KEY (ancestor_party_id) REFERENCES mdm.party(id) ON DELETE CASCADE
 fk_phc_desc                        | mdm.party_hierarchy_closure             | mdm.party                         | FOREIGN KEY (descendant_party_id) REFERENCES mdm.party(id) ON DELETE CASCADE
 fk_partyh_party                    | mdm.party_history                       | mdm.party                         | FOREIGN KEY (party_id) REFERENCES mdm.party(id) ON DELETE CASCADE
 fk_pident_party                    | mdm.party_identifier                    | mdm.party                         | FOREIGN KEY (party_id) REFERENCES mdm.party(id) ON DELETE CASCADE
 fk_pind_party                      | mdm.party_individual                    | mdm.party                         | FOREIGN KEY (party_id) REFERENCES mdm.party(id) ON DELETE CASCADE
 fk_ple_party                       | mdm.party_legal_entity                  | mdm.party                         | FOREIGN KEY (party_id) REFERENCES mdm.party(id) ON DELETE CASCADE
 fk_pmc_a                           | mdm.party_match_candidate               | mdm.party                         | FOREIGN KEY (party_id_a) REFERENCES mdm.party(id)
 fk_pmc_b                           | mdm.party_match_candidate               | mdm.party                         | FOREIGN KEY (party_id_b) REFERENCES mdm.party(id)
 fk_pmc_rule                        | mdm.party_match_candidate               | mdm.party_match_rule              | FOREIGN KEY (match_rule_id) REFERENCES mdm.party_match_rule(id)
 fk_pml_merged                      | mdm.party_merge_log                     | mdm.party                         | FOREIGN KEY (merged_party_id) REFERENCES mdm.party(id)
 fk_pml_surv                        | mdm.party_merge_log                     | mdm.party                         | FOREIGN KEY (surviving_party_id) REFERENCES mdm.party(id)
 fk_pname_party                     | mdm.party_name                          | mdm.party                         | FOREIGN KEY (party_id) REFERENCES mdm.party(id) ON DELETE CASCADE
 fk_po_owned                        | mdm.party_ownership                     | mdm.party                         | FOREIGN KEY (owned_party_id) REFERENCES mdm.party(id) ON DELETE CASCADE
 fk_po_owner                        | mdm.party_ownership                     | mdm.party                         | FOREIGN KEY (owner_party_id) REFERENCES mdm.party(id)
 fk_prel_from                       | mdm.party_relationship                  | mdm.party                         | FOREIGN KEY (from_party_id) REFERENCES mdm.party(id) ON DELETE CASCADE
 fk_prel_to                         | mdm.party_relationship                  | mdm.party                         | FOREIGN KEY (to_party_id) REFERENCES mdm.party(id) ON DELETE CASCADE
 fk_prel_type                       | mdm.party_relationship                  | mdm.party_relationship_type       | FOREIGN KEY (relationship_type_id) REFERENCES mdm.party_relationship_type(id)
 fk_pra_party                       | mdm.party_role_assignment               | mdm.party                         | FOREIGN KEY (party_id) REFERENCES mdm.party(id) ON DELETE CASCADE
 fk_pra_role                        | mdm.party_role_assignment               | mdm.party_role                    | FOREIGN KEY (role_id) REFERENCES mdm.party_role(id)
 fk_psucc_pred                      | mdm.party_successor                     | mdm.party                         | FOREIGN KEY (predecessor_party_id) REFERENCES mdm.party(id)
 fk_psucc_succ                      | mdm.party_successor                     | mdm.party                         | FOREIGN KEY (successor_party_id) REFERENCES mdm.party(id)
 fk_ptr_crs                         | mdm.party_tax_residency                 | mdm.fatca_crs_status              | FOREIGN KEY (crs_status_id) REFERENCES mdm.fatca_crs_status(id)
 fk_ptr_fatca                       | mdm.party_tax_residency                 | mdm.fatca_crs_status              | FOREIGN KEY (fatca_status_id) REFERENCES mdm.fatca_crs_status(id)
 fk_ptr_party                       | mdm.party_tax_residency                 | mdm.party                         | FOREIGN KEY (party_id) REFERENCES mdm.party(id) ON DELETE CASCADE
 fk_pubo_subject                    | mdm.party_ubo                           | mdm.party                         | FOREIGN KEY (subject_party_id) REFERENCES mdm.party(id) ON DELETE CASCADE
 fk_pubo_ubo                        | mdm.party_ubo                           | mdm.party                         | FOREIGN KEY (ubo_party_id) REFERENCES mdm.party(id)
 fk_ps_party                        | mdm.pep_screening                       | mdm.party                         | FOREIGN KEY (party_id) REFERENCES mdm.party(id) ON DELETE CASCADE
 fk_price_fvl                       | mdm.price                               | mdm.fair_value_level              | FOREIGN KEY (fair_value_level_id) REFERENCES mdm.fair_value_level(id)
 fk_price_obs                       | mdm.price                               | mdm.price_observation_type        | FOREIGN KEY (observation_type_id) REFERENCES mdm.price_observation_type(id)
 fk_price_source                    | mdm.price                               | mdm.price_source                  | FOREIGN KEY (source_id) REFERENCES mdm.price_source(id)
 fk_price_tier                      | mdm.price                               | mdm.price_quality_tier            | FOREIGN KEY (quality_tier_id) REFERENCES mdm.price_quality_tier(id)
 fk_price_type                      | mdm.price                               | mdm.price_type                    | FOREIGN KEY (price_type_id) REFERENCES mdm.price_type(id)
 fk_pch_source                      | mdm.price_challenge                     | mdm.price_source                  | FOREIGN KEY (source_id) REFERENCES mdm.price_source(id)
 fk_pex_source                      | mdm.price_exception                     | mdm.price_source                  | FOREIGN KEY (source_id) REFERENCES mdm.price_source(id)
 fk_pfh_source                      | mdm.price_feed_health                   | mdm.price_source                  | FOREIGN KEY (source_id) REFERENCES mdm.price_source(id)
 fk_pfs_source                      | mdm.price_feed_schedule                 | mdm.price_source                  | FOREIGN KEY (source_id) REFERENCES mdm.price_source(id)
 fk_pfm_source                      | mdm.price_field_mapping                 | mdm.source_systems                | FOREIGN KEY (source_system_id) REFERENCES mdm.source_systems(id)
 fk_pgd_pub                         | mdm.price_golden_distribution           | mdm.price_golden_publication      | FOREIGN KEY (publication_id) REFERENCES mdm.price_golden_publication(id)
 fk_pgd_record                      | mdm.price_golden_distribution           | mdm.price_golden_record           | FOREIGN KEY (golden_record_id) REFERENCES mdm.price_golden_record(id)
 fk_pgd_target                      | mdm.price_golden_distribution           | mdm.source_systems                | FOREIGN KEY (target_system_id) REFERENCES mdm.source_systems(id)
 fk_pgf_record                      | mdm.price_golden_field                  | mdm.price_golden_record           | FOREIGN KEY (golden_record_id) REFERENCES mdm.price_golden_record(id) ON DELETE CASCADE
 fk_ph_price                        | mdm.price_history                       | mdm.price                         | FOREIGN KEY (price_id) REFERENCES mdm.price(id) ON DELETE CASCADE
 fk_pmc_rule                        | mdm.price_match_candidate               | mdm.price_match_rule              | FOREIGN KEY (match_rule_id) REFERENCES mdm.price_match_rule(id)
 fk_prec_src_a                      | mdm.price_reconciliation                | mdm.price_source                  | FOREIGN KEY (source_a_id) REFERENCES mdm.price_source(id)
 fk_prec_src_b                      | mdm.price_reconciliation                | mdm.price_source                  | FOREIGN KEY (source_b_id) REFERENCES mdm.price_source(id)
 fk_prr_rec                         | mdm.price_reconciliation_result         | mdm.price_reconciliation          | FOREIGN KEY (reconciliation_id) REFERENCES mdm.price_reconciliation(id) ON DELETE CASCADE
 fk_pser_ptype                      | mdm.price_series                        | mdm.price_type                    | FOREIGN KEY (price_type_id) REFERENCES mdm.price_type(id)
 fk_pser_src                        | mdm.price_series                        | mdm.price_source                  | FOREIGN KEY (source_id) REFERENCES mdm.price_source(id)
 fk_pser_tier                       | mdm.price_series                        | mdm.price_quality_tier            | FOREIGN KEY (quality_tier_id) REFERENCES mdm.price_quality_tier(id)
 fk_ps_parent                       | mdm.price_source                        | mdm.price_source                  | FOREIGN KEY (parent_source_id) REFERENCES mdm.price_source(id)
 fk_psa_mdm                         | mdm.price_source_alias                  | mdm.source_systems                | FOREIGN KEY (mdm_source_system_id) REFERENCES mdm.source_systems(id)
 fk_psa_source                      | mdm.price_source_alias                  | mdm.price_source                  | FOREIGN KEY (source_id) REFERENCES mdm.price_source(id)
 fk_psp_source                      | mdm.price_source_priority               | mdm.price_source                  | FOREIGN KEY (source_id) REFERENCES mdm.price_source(id)
 fk_pse_price                       | mdm.price_stale_event                   | mdm.price                         | FOREIGN KEY (price_id) REFERENCES mdm.price(id)
 fk_pse_source                      | mdm.price_stale_event                   | mdm.price_source                  | FOREIGN KEY (source_id) REFERENCES mdm.price_source(id)
 fk_pst_source                      | mdm.price_steward                       | mdm.price_source                  | FOREIGN KEY (source_id) REFERENCES mdm.price_source(id)
 fk_psl_rule                        | mdm.price_survivorship_log              | mdm.price_survivorship_rule       | FOREIGN KEY (rule_id) REFERENCES mdm.price_survivorship_rule(id)
 fk_ptm_source                      | mdm.price_type_mapping                  | mdm.source_systems                | FOREIGN KEY (source_system_id) REFERENCES mdm.source_systems(id)
 fk_pve_src_a                       | mdm.price_variance_event                | mdm.price_source                  | FOREIGN KEY (source_a_id) REFERENCES mdm.price_source(id)
 fk_pve_src_b                       | mdm.price_variance_event                | mdm.price_source                  | FOREIGN KEY (source_b_id) REFERENCES mdm.price_source(id)
 fk_pve_thresh                      | mdm.price_variance_event                | mdm.price_variance_threshold      | FOREIGN KEY (threshold_id) REFERENCES mdm.price_variance_threshold(id)
 fk_pvs_source                      | mdm.price_vendor_symbol                 | mdm.price_source                  | FOREIGN KEY (source_id) REFERENCES mdm.price_source(id)
 fk_prd_benchmark                   | mdm.product                             | mdm.benchmark_master              | FOREIGN KEY (benchmark_id) REFERENCES mdm.benchmark_master(id)
 fk_prd_category                    | mdm.product                             | mdm.product_category              | FOREIGN KEY (product_category_id) REFERENCES mdm.product_category(id)
 fk_prd_manager                     | mdm.product                             | edm.issuer_master                 | FOREIGN KEY (manager_id) REFERENCES edm.issuer_master(id)
 fk_prd_merged                      | mdm.product                             | mdm.product                       | FOREIGN KEY (merged_into_id) REFERENCES mdm.product(id)
 fk_prd_predecess                   | mdm.product                             | mdm.product                       | FOREIGN KEY (predecessor_product_id) REFERENCES mdm.product(id)
 fk_prd_source                      | mdm.product                             | mdm.source_systems                | FOREIGN KEY (source_system_id) REFERENCES mdm.source_systems(id)
 fk_prd_status                      | mdm.product                             | mdm.product_status                | FOREIGN KEY (status_id) REFERENCES mdm.product_status(id)
 fk_prd_subadv                      | mdm.product                             | edm.issuer_master                 | FOREIGN KEY (sub_advisor_id) REFERENCES edm.issuer_master(id)
 fk_prd_successor                   | mdm.product                             | mdm.product                       | FOREIGN KEY (successor_product_id) REFERENCES mdm.product(id)
 fk_prd_type                        | mdm.product                             | mdm.product_type                  | FOREIGN KEY (product_type_id) REFERENCES mdm.product_type(id)
 fk_prd_bmk_benchmark               | mdm.product_benchmark                   | mdm.benchmark_master              | FOREIGN KEY (benchmark_id) REFERENCES mdm.benchmark_master(id)
 fk_prd_bmk_product                 | mdm.product_benchmark                   | mdm.product                       | FOREIGN KEY (product_id) REFERENCES mdm.product(id) ON DELETE CASCADE
 fk_prdc_parent                     | mdm.product_category                    | mdm.product_category              | FOREIGN KEY (parent_category_id) REFERENCES mdm.product_category(id)
 fk_prdcr_product                   | mdm.product_change_request              | mdm.product                       | FOREIGN KEY (product_id) REFERENCES mdm.product(id)
 fk_prd_dist_channel                | mdm.product_distribution                | mdm.product_distribution_channel  | FOREIGN KEY (channel_id) REFERENCES mdm.product_distribution_channel(id)
 fk_prd_dist_dist                   | mdm.product_distribution                | edm.issuer_master                 | FOREIGN KEY (distributor_id) REFERENCES edm.issuer_master(id)
 fk_prd_dist_product                | mdm.product_distribution                | mdm.product                       | FOREIGN KEY (product_id) REFERENCES mdm.product(id) ON DELETE CASCADE
 fk_prd_doc_product                 | mdm.product_document                    | mdm.product                       | FOREIGN KEY (product_id) REFERENCES mdm.product(id) ON DELETE CASCADE
 fk_prd_doc_superseded              | mdm.product_document                    | mdm.product_document              | FOREIGN KEY (superseded_by_id) REFERENCES mdm.product_document(id)
 fk_prd_doc_type                    | mdm.product_document                    | mdm.product_document_type         | FOREIGN KEY (document_type_id) REFERENCES mdm.product_document_type(id)
 fk_prd_elig_product                | mdm.product_eligibility                 | mdm.product                       | FOREIGN KEY (product_id) REFERENCES mdm.product(id) ON DELETE CASCADE
 fk_prdex_product                   | mdm.product_exception                   | mdm.product                       | FOREIGN KEY (product_id) REFERENCES mdm.product(id)
 fk_prdex_source                    | mdm.product_exception                   | mdm.source_systems                | FOREIGN KEY (source_system_id) REFERENCES mdm.source_systems(id)
 fk_prdfh_source                    | mdm.product_feed_health                 | mdm.source_systems                | FOREIGN KEY (source_system_id) REFERENCES mdm.source_systems(id)
 fk_prdfs_source                    | mdm.product_feed_schedule               | mdm.source_systems                | FOREIGN KEY (source_system_id) REFERENCES mdm.source_systems(id)
 fk_prd_fs_product                  | mdm.product_fee_schedule                | mdm.product                       | FOREIGN KEY (product_id) REFERENCES mdm.product(id)
 fk_prdfm_source                    | mdm.product_field_mapping               | mdm.source_systems                | FOREIGN KEY (mdm_source_system_id) REFERENCES mdm.source_systems(id)
 fk_prdgf_record                    | mdm.product_golden_field                | mdm.product_golden_record         | FOREIGN KEY (golden_record_id) REFERENCES mdm.product_golden_record(id) ON DELETE CASCADE
 fk_prdgf_source                    | mdm.product_golden_field                | mdm.source_systems                | FOREIGN KEY (source_system_id) REFERENCES mdm.source_systems(id)
 fk_prd_gr_product                  | mdm.product_golden_record               | mdm.product                       | FOREIGN KEY (product_id) REFERENCES mdm.product(id)
 fk_prd_ident                       | mdm.product_identifier                  | mdm.product                       | FOREIGN KEY (product_id) REFERENCES mdm.product(id) ON DELETE CASCADE
 fk_prd_lc_doc                      | mdm.product_lifecycle_event             | mdm.product_document              | FOREIGN KEY (related_document_id) REFERENCES mdm.product_document(id)
 fk_prd_lc_product                  | mdm.product_lifecycle_event             | mdm.product                       | FOREIGN KEY (product_id) REFERENCES mdm.product(id) ON DELETE CASCADE
 fk_prd_lc_related                  | mdm.product_lifecycle_event             | mdm.product                       | FOREIGN KEY (related_product_id) REFERENCES mdm.product(id)
 fk_prd_lc_type                     | mdm.product_lifecycle_event             | mdm.product_lifecycle_event_type  | FOREIGN KEY (event_type_id) REFERENCES mdm.product_lifecycle_event_type(id)
 fk_prdmc_a                         | mdm.product_match_candidate             | mdm.product                       | FOREIGN KEY (product_id_a) REFERENCES mdm.product(id)
 fk_prdmc_b                         | mdm.product_match_candidate             | mdm.product                       | FOREIGN KEY (product_id_b) REFERENCES mdm.product(id)
 fk_prdmc_rule                      | mdm.product_match_candidate             | mdm.product_match_rule            | FOREIGN KEY (match_rule_id) REFERENCES mdm.product_match_rule(id)
 fk_prdml_merged                    | mdm.product_merge_log                   | mdm.product                       | FOREIGN KEY (merged_product_id) REFERENCES mdm.product(id)
 fk_prdml_surv                      | mdm.product_merge_log                   | mdm.product                       | FOREIGN KEY (surviving_product_id) REFERENCES mdm.product(id)
 fk_prd_platform                    | mdm.product_platform                    | mdm.product                       | FOREIGN KEY (product_id) REFERENCES mdm.product(id) ON DELETE CASCADE
 fk_prd_reg_product                 | mdm.product_registration                | mdm.product                       | FOREIGN KEY (product_id) REFERENCES mdm.product(id) ON DELETE CASCADE
 fk_prd_reg_type                    | mdm.product_registration                | mdm.product_registration_type     | FOREIGN KEY (registration_type_id) REFERENCES mdm.product_registration_type(id)
 fk_prd_sec_product                 | mdm.product_security                    | mdm.product                       | FOREIGN KEY (product_id) REFERENCES mdm.product(id) ON DELETE CASCADE
 fk_prd_sc_prd                      | mdm.product_share_class                 | mdm.product                       | FOREIGN KEY (product_id) REFERENCES mdm.product(id) ON DELETE CASCADE
 fk_prd_scf_sc                      | mdm.product_share_class_fee             | mdm.product_share_class           | FOREIGN KEY (product_share_class_id) REFERENCES mdm.product_share_class(id) ON DELETE CASCADE
 fk_prdsp_source                    | mdm.product_source_priority             | mdm.source_systems                | FOREIGN KEY (source_system_id) REFERENCES mdm.source_systems(id)
 fk_prd_strat_product               | mdm.product_strategy                    | mdm.product                       | FOREIGN KEY (product_id) REFERENCES mdm.product(id) ON DELETE CASCADE
 fk_prdsl_product                   | mdm.product_survivorship_log            | mdm.product                       | FOREIGN KEY (product_id) REFERENCES mdm.product(id)
 fk_prdsl_rule                      | mdm.product_survivorship_log            | mdm.product_survivorship_rule     | FOREIGN KEY (rule_id) REFERENCES mdm.product_survivorship_rule(id)
 fk_prd_tm_product                  | mdm.product_target_market               | mdm.product                       | FOREIGN KEY (product_id) REFERENCES mdm.product(id) ON DELETE CASCADE
 fk_prdtm_source                    | mdm.product_type_mapping                | mdm.source_systems                | FOREIGN KEY (mdm_source_system_id) REFERENCES mdm.source_systems(id)
 fk_prd_veh_product                 | mdm.product_vehicle                     | mdm.product                       | FOREIGN KEY (product_id) REFERENCES mdm.product(id) ON DELETE CASCADE
 fk_r_agency                        | mdm.rating                              | mdm.rating_agency                 | FOREIGN KEY (agency_id) REFERENCES mdm.rating_agency(id)
 fk_r_outlook                       | mdm.rating                              | mdm.rating_outlook                | FOREIGN KEY (outlook_id) REFERENCES mdm.rating_outlook(id)
 fk_r_scale                         | mdm.rating                              | mdm.rating_scale                  | FOREIGN KEY (rating_scale_id) REFERENCES mdm.rating_scale(id)
 fk_r_type                          | mdm.rating                              | mdm.rating_type                   | FOREIGN KEY (rating_type_id) REFERENCES mdm.rating_type(id)
 fk_r_watch                         | mdm.rating                              | mdm.rating_watch                  | FOREIGN KEY (watch_id) REFERENCES mdm.rating_watch(id)
 fk_ra_atype                        | mdm.rating_action                       | mdm.rating_action_type            | FOREIGN KEY (action_type_id) REFERENCES mdm.rating_action_type(id)
 fk_ra_outlook                      | mdm.rating_action                       | mdm.rating_outlook                | FOREIGN KEY (outlook_id) REFERENCES mdm.rating_outlook(id)
 fk_ra_prior                        | mdm.rating_action                       | mdm.rating                        | FOREIGN KEY (prior_rating_id) REFERENCES mdm.rating(id)
 fk_ra_rating                       | mdm.rating_action                       | mdm.rating                        | FOREIGN KEY (rating_id) REFERENCES mdm.rating(id) ON DELETE CASCADE
 fk_ra_watch                        | mdm.rating_action                       | mdm.rating_watch                  | FOREIGN KEY (watch_id) REFERENCES mdm.rating_watch(id)
 fk_ra_parent                       | mdm.rating_agency                       | mdm.rating_agency                 | FOREIGN KEY (parent_agency_id) REFERENCES mdm.rating_agency(id)
 fk_rb_agency                       | mdm.rating_bank                         | mdm.rating_agency                 | FOREIGN KEY (agency_id) REFERENCES mdm.rating_agency(id)
 fk_rb_outlook                      | mdm.rating_bank                         | mdm.rating_outlook                | FOREIGN KEY (outlook_id) REFERENCES mdm.rating_outlook(id)
 fk_rb_rating                       | mdm.rating_bank                         | mdm.rating                        | FOREIGN KEY (rating_id) REFERENCES mdm.rating(id) ON DELETE SET NULL
 fk_rd_rating                       | mdm.rating_default                      | mdm.rating                        | FOREIGN KEY (rating_id) REFERENCES mdm.rating(id) ON DELETE CASCADE
 fk_rf_agency                       | mdm.rating_fund                         | mdm.rating_agency                 | FOREIGN KEY (agency_id) REFERENCES mdm.rating_agency(id)
 fk_rf_outlook                      | mdm.rating_fund                         | mdm.rating_outlook                | FOREIGN KEY (outlook_id) REFERENCES mdm.rating_outlook(id)
 fk_rf_rating                       | mdm.rating_fund                         | mdm.rating                        | FOREIGN KEY (rating_id) REFERENCES mdm.rating(id) ON DELETE SET NULL
 fk_ri_agency                       | mdm.rating_insurance                    | mdm.rating_agency                 | FOREIGN KEY (agency_id) REFERENCES mdm.rating_agency(id)
 fk_ri_ins_rating                   | mdm.rating_insurance                    | mdm.rating                        | FOREIGN KEY (rating_id) REFERENCES mdm.rating(id) ON DELETE SET NULL
 fk_ri_outlook                      | mdm.rating_insurance                    | mdm.rating_outlook                | FOREIGN KEY (long_term_outlook_id) REFERENCES mdm.rating_outlook(id)
 fk_rs_agency                       | mdm.rating_scale                        | mdm.rating_agency                 | FOREIGN KEY (agency_id) REFERENCES mdm.rating_agency(id)
 recon_breaks_batch_id_fkey         | mdm.recon_breaks                        | mdm.recon_statement_batches       | FOREIGN KEY (batch_id) REFERENCES mdm.recon_statement_batches(id) ON DELETE CASCADE
 fk_sh_list                         | mdm.sanctions_hit                       | mdm.sanctions_list_source         | FOREIGN KEY (list_source_id) REFERENCES mdm.sanctions_list_source(id)
 fk_sh_party                        | mdm.sanctions_hit                       | mdm.party                         | FOREIGN KEY (party_id) REFERENCES mdm.party(id)
 fk_sh_screening                    | mdm.sanctions_hit                       | mdm.sanctions_screening           | FOREIGN KEY (sanctions_screening_id) REFERENCES mdm.sanctions_screening(id) ON DELETE CASCADE
 fk_ss_list                         | mdm.sanctions_screening                 | mdm.sanctions_list_source         | FOREIGN KEY (list_source_id) REFERENCES mdm.sanctions_list_source(id)
 fk_ss_party                        | mdm.sanctions_screening                 | mdm.party                         | FOREIGN KEY (party_id) REFERENCES mdm.party(id) ON DELETE CASCADE
 fk_settcal_calendar                | mdm.settlement_calendar                 | mdm.calendar_master               | FOREIGN KEY (calendar_id) REFERENCES mdm.calendar_master(id)
 fk_sr_calendar                     | mdm.settlement_rule                     | mdm.settlement_calendar           | FOREIGN KEY (settlement_calendar_id) REFERENCES mdm.settlement_calendar(id)
 fk_sr_rolling                      | mdm.settlement_rule                     | mdm.rolling_convention            | FOREIGN KEY (rolling_convention_id) REFERENCES mdm.rolling_convention(id)
 fk_src_calendar                    | mdm.settlement_rule_calendar            | mdm.calendar_master               | FOREIGN KEY (calendar_id) REFERENCES mdm.calendar_master(id)
 fk_src_rule                        | mdm.settlement_rule_calendar            | mdm.settlement_rule               | FOREIGN KEY (settlement_rule_id) REFERENCES mdm.settlement_rule(id) ON DELETE CASCADE
 sources_domain_id_fkey             | mdm.sources                             | mdm.domains                       | FOREIGN KEY (domain_id) REFERENCES mdm.domains(domain_id) ON DELETE CASCADE
 fk_vi_model                        | mdm.valuation_input                     | mdm.valuation_model               | FOREIGN KEY (valuation_model_id) REFERENCES mdm.valuation_model(id)
 fk_vi_source                       | mdm.valuation_input                     | mdm.price_source                  | FOREIGN KEY (source_id) REFERENCES mdm.price_source(id)
 fk_vs_source                       | mdm.vol_surface                         | mdm.price_source                  | FOREIGN KEY (calibration_source_id) REFERENCES mdm.price_source(id)
 fk_vsp_surface                     | mdm.vol_surface_point                   | mdm.vol_surface                   | FOREIGN KEY (surface_id) REFERENCES mdm.vol_surface(id) ON DELETE CASCADE
 fk_vsp_tier                        | mdm.vol_surface_point                   | mdm.price_quality_tier            | FOREIGN KEY (quality_tier_id) REFERENCES mdm.price_quality_tier(id)
(394 rows)

Time: 24.911 ms
=== 0.8 cross-schema FKs from alpha.mdm ===
        constraint_name        |        from_table        |     to_table      | target_schema 
-------------------------------+--------------------------+-------------------+---------------
 fk_cade_issuer                | mdm.ca_default_event     | edm.issuer_master | edm
 fk_cae_issuer                 | mdm.ca_event             | edm.issuer_master | edm
 fk_cam_issuer                 | mdm.ca_meeting           | edm.issuer_master | edm
 fk_cpty_issuer                | mdm.counterparty         | edm.issuer_master | edm
 fk_prd_subadv                 | mdm.product              | edm.issuer_master | edm
 fk_prd_manager                | mdm.product              | edm.issuer_master | edm
 fk_prd_dist_dist              | mdm.product_distribution | edm.issuer_master | edm
 fund_hierarchy_tenant_id_fkey | mdm.fund_hierarchy       | public.tenants    | public
(8 rows)

Time: 7.484 ms
=== 0.10 alpha.public inventory ===
                  table_name                   
-----------------------------------------------
 _calc_test
 _xirr_test
 abac_access_audit
 abac_attribute_registry
 abac_delegations
 abac_policies
 abac_policy
 abac_policy_field_materialization
 abac_shadow_logs
 abbreviations
 access_control_policies
 access_decision_log
 access_decision_trace
 access_rule
 accounts
 active_requests
 activity_events
 admin_audit_logs
 advisor_kpi_snapshots
 advisor_practice_metrics
 advisor_tasks
 agent_approval_tickets
 ai_business_term_drafts
 ai_feedback
 ai_golden_queries
 ai_knowledge_candidates
 ai_layouts
 ai_model_backtest_reports
 ai_model_metrics
 ai_model_registry
 ai_model_versions
 ai_query_telemetry
 ai_requests
 ai_semantic_cache
 ai_training_data
 alerts
 allocation_models
 allocation_rebalance_triggers
 allocation_recommendations
 alpha_datasource
 alpha_product
 alt_investment_audit_log
 alt_investment_benchmarks
 alt_investment_documents
 alternative_fee_structures
 alternative_investments
 alternative_management_fee_calculations
 alternative_performance_fee_calculations
 analytics_assets
 api_access_rules
 api_audit_logs
 api_definitions
 api_dispatch_audit_log
 api_documentation
 api_endpoints
 api_endpoints_catalog
 api_groups
 api_hooks
 api_key_usage
 api_keys
 api_metrics
 api_metrics_current_month
 api_metrics_next_month
 api_security_configs
 api_telemetry
 api_workflow_approvals
 apis
 app_user
 applied_optimizations
 approval_workflows
 art_collectibles
 artifact_bundles
 aso_tuning_hints
 asset
 async_jobs
 attachments
 audit_alerts
 audit_events
 audit_fallback_log
 audit_gold_copy_sync
 audit_ledger
 audit_log
 audit_logs
 audit_retention_policies
 audit_summaries
 audit_trail
 auth_audit_log
 auto_tune_config
 backend_engine_capabilities
 bi_dashboard
 bi_widget
 blackouts
 bo_audit_log
 bo_crud_capabilities
 bo_field_key_registry
 bo_governance_events
 bo_instances
 bo_lifecycle_states
 bo_lifecycle_transition_events
 bo_lifecycle_transitions
 bo_relationship
 bo_runtime_governance_audit
 bo_runtime_policy_versions
 bo_subtypes
 bo_term_metadata
 bo_type
 bo_widget_breakpoint_fallback
 bo_widget_policy
 bp_ab_tests
 bp_activity_logs
 bp_adaptive_triggers
 bp_ai_models
 bp_approval_delegations
 bp_audit_trail
 bp_best_practices
 bp_branch_analytics_extended
 bp_branch_anomalies
 bp_branch_executions
 bp_branch_metrics
 bp_delegation_usage_log
 bp_dynamic_policies
 bp_execution_steps
 bp_executions
 bp_explainability_records
 bp_field_masking_rules
 bp_field_permissions
 bp_gap_analysis
 bp_geofence_rules
 bp_group_roles
 bp_groups
 bp_industry_benchmarks
 bp_join_convergences
 bp_ml_models
 bp_nl_configurations
 bp_notifications_log
 bp_peer_group_members
 bp_peer_groups
 bp_performance_scores
 bp_permission_audit_log
 bp_permissions
 bp_resilience_policies
 bp_resource_pools
 bp_role_pages
 bp_role_permissions
 bp_roles
 bp_scoring_matrices
 bp_semantic_intents
 bp_step_approvers
 bp_step_validations
 bp_steps
 bp_team_instance_roles
 bp_team_members
 bp_team_permissions
 bp_team_roles
 bp_teams
 bp_tenant_branch_overrides
 bp_time_series_forecasts
 bp_trigger_executions
 bp_trigger_executions_2026q1
 bp_trigger_executions_2026q2
 bp_trigger_executions_future
 bp_triggers
 bp_user_attributes
 bp_user_groups
 bp_user_roles
 broker_apis
 broker_events
 bulk_operations
 bundle_change_proposal
 business_calendars
 business_object_binding
 business_object_fields
 business_object_relationships
 business_objects
 business_processes
 business_rule_versions
 business_rules
 business_term_slos
 calc_fields
 calc_search_events
 calc_search_interactions
 calculated_formulas
 calculation_definitions
 calculation_dependencies
 calculation_preagg_map
 calculations
 calendar_confidence_thresholds
 calendar_events
 calendar_holidays
 calendars
 candidate_bundles
 capital_call_forecasts
 capital_calls
 capital_events
 carbon_footprint_calculations
 cash_flow_forecasts
 catalog_change_requests
 catalog_edge
 catalog_edge_2026q1
 catalog_edge_2026q2
 catalog_edge_future
 catalog_edge_rejection_store
 catalog_edge_types
 catalog_node
 catalog_node_audit_log
 catalog_node_deletion_log
 catalog_node_types
 catalog_validation_rule_cores
 catalog_validation_rules
 catalog_validation_rules_audit
 catalog_view_definitions
 categories
 cbo_column_stats
 cbo_plan_cache
 cbo_query_log
 cbo_recommendations
 cbo_resource_snapshots
 cbo_table_stats
 charitable_bunching_analyses
 churn_predictions
 claim_bundle
 claim_bundle_item
 claim_conflict
 claim_drift
 claim_usage_log
 client_allocation_targets
 client_fee_assignments
 client_goals
 client_investors
 client_messages
 client_sessions
 client_signals
 client_tax_profiles
 client_transitions
 client_values_profiles
 clients
 collaboration_comments
 collaboration_workspaces
 compliance_alerts
 compliance_audit_log
 compliance_breaches
 compliance_checkpoints
 compliance_events
 compliance_policies
 compliance_reports
 compliance_results
 compliance_rules
 connection_pool_metrics
 connections
 connector_module_def
 consent_preferences
 constraints
 content_optimizations
 conversation_context
 copilot_saved_shortcut
 core_artifact
 cppi_floors
 crypto_address_whitelist
 crypto_allocations
 crypto_custody_integrations
 crypto_holdings
 crypto_market_data
 crypto_prices
 crypto_tax_lots
 crypto_transactions
 crypto_wallets
 cryptographic_audit_ledger
 cube_core_models
 cube_custom_model_versions
 cube_custom_models
 cube_model_builder_sessions
 cube_model_builder_steps
 cube_preaggregation_configs
 cube_security_cache
 cube_security_policies
 cube_security_policy_versions
 custom_components
 custom_fields
 customer_demographics
 customers
 dag_runs
 daily_metrics
 dashboard_visuals
 dashboard_widgets
 dashboards
 data_access_log
 data_classification_templates
 data_domain
 data_domains
 data_pipeline_definitions
 data_pipeline_runs
 data_pipeline_step_telemetry
 data_quality_issues
 data_quality_rules
 datasource_health_checks
 datasource_integrity_checks
 datasource_lookup_sync_history
 datasource_lookups
 datasource_schema_snapshots
 dax_functions
 db_column_registry
 defi_positions
 delegation_audit
 delegation_usage
 dictionary_raw
 dictionary_source
 dim_country_cd
 discovery_candidates
 discovery_runs
 distributions
 document_chunks
 document_processing_queue
 document_repository
 document_type_configs
 document_versions
 drawdown_analyses
 drift_log_entries
 drift_reports
 drift_snapshots
 due_diligence_items
 due_diligence_templates
 dynasty_trust_simulations
 e_signatures
 edge_creation_dlq
 edge_creation_queue
 education_529_plans
 effective_artifact_snapshot
 effective_permissions_artifacts
 embed_tokens
 embed_usage_logs
 employees
 engagement_metrics
 engagement_notifications
 entities
 entity_attribute
 entity_hierarchy_audit_log
 entity_hierarchy_rules
 entity_identity_map
 entity_monitors
 entity_registry
 entity_resolution_queue
 entity_schema_backup
 entity_search_config
 entity_statistics
 esg_portfolio_scores
 esignature_requests
 etl_log
 etl_runs
 event_configs
 event_handlers
 event_subscriptions
 events
 exception_autofix_policy
 exception_routes
 explorer_saved_query
 export_artifact_events
 export_artifacts
 export_schedules
 exposed_apis
 exposure_breakdown
 expression_history
 expression_rules
 expression_test_runs
 external_calendar_connections
 fabric_defn
 fabric_defn_audit
 fabric_defn_index
 fact_customization_telemetry
 family_offices
 fee_calculations
 fee_schedules
 field_aliases
 field_bindings
 field_dependencies
 field_metadata
 field_validation_rules
 financial_compliance_rules
 financial_entities
 financial_household_tax_lots
 financial_instrument_master
 financial_posting_behaviors
 financial_tools
 finops_config
 fix_compliance_rule_set
 fix_message_store
 fix_session_log
 fix_session_state
 fix_tenant_config
 fix_tenant_tag_mapping
 form_adv_filings
 form_submissions
 fund_commitments
 fund_position_snapshots
 gips_compliance_reports
 global_calendars
 glossary_match
 glossary_term
 google_sync_results
 gsifi_event_registry
 high_water_marks
 households
 human_tasks
 iceberg_bootstrap_log
 iceberg_identity_map
 impact_analysis_history
 impact_investments
 impersonation_action_audit
 installed_integrations
 instance_creation_log
 integration_api_keys
 integration_audit_logs
 integration_configs
 integration_credentials
 integration_executions
 integration_logs
 integration_metrics
 integration_versions
 integrations
 intent_plans
 inter_entity_transfers
 investment_committee_meetings
 investment_committee_reviews
 investment_opportunities
 ip_whitelist
 ip_whitelist_entries
 job_dependencies
 job_exports
 job_items
 job_runs
 jobs
 languages
 layout_actions
 layout_customizations
 layout_sections
 ledger_entry
 locales
 lookup_values
 lookups
 manager_updates
 marketplace_artifacts
 marketplace_installs
 marketplace_integration_settings
 marketplace_integrations
 marketplace_item_feedback
 marketplace_item_parameters
 marketplace_item_usage
 marketplace_item_versions
 marketplace_items
 marketplace_listings
 match_config
 materialization_def
 meeting_participants
 meeting_preparations
 message_attachments
 message_catalog
 message_delivery_logs
 message_sets
 message_targets
 message_templates
 metadata_columns
 metadata_event_logs
 metadata_event_versions
 metadata_events
 metadata_fields
 metadata_relationships
 metadata_tables
 metadata_versions
 metric_def
 metric_definitions
 metric_execution_lineage
 metrics
 metrics_comparison_periods
 metrics_finalized
 metrics_registry
 migration_jobs
 migration_plans
 migration_steps
 model_types
 model_upgrade_audit
 navigation_menu_nodes
 navigator_audit_trail
 nba_action_catalog
 nba_action_outcomes
 niit_calculations
 northwind_mutations_shadow
 notification_analytics
 notification_audit_logs
 notification_campaigns
 notification_channels
 notification_contents
 notification_delivery_rules
 notification_delivery_tracks
 notification_digests
 notification_escalations
 notification_log
 notification_logs
 notification_outbox
 notification_preferences
 notification_queue
 notification_recommendations
 notification_rule
 notification_schedule
 notification_subscription
 notification_template
 notification_templates
 notifications
 oauth_tokens
 obs_alert_rules
 obs_alerts
 obs_dashboards
 obs_events
 obs_metric_aggregates
 obs_metrics
 obs_notification_channels
 obs_slo_snapshots
 obs_slos
 okf_attested_calculations
 okf_concept_manifest
 onboarding_sessions
 operator_leases
 opportunity_funnel_metrics
 ops_alert_events
 ops_alerts
 ops_audit_log
 ops_endpoint_health_cache
 ops_error_events
 ops_error_fingerprints
 ops_events
 ops_incidents
 ops_latency_heatmap
 ops_tenant_health_cache
 option_legs
 options_overlay_strategies
 order_details
 orders
 outbox
 ownership_relationships
 page_definition_overlays
 page_definitions
 page_field_widgets
 page_layouts
 page_registry
 pe_benchmarks
 pending_semantic_mappings
 performance_metrics
 permissions
 persistent_store
 persona_definitions
 physical_backend
 pipeline_metrics_snapshots
 pipeline_stream_tokens
 pipelines
 planner_telemetry
 platform_admin_audit
 platform_exceptions
 platform_page_blueprints
 policies
 policy
 policy_evaluation
 policy_set
 policy_simulation_result
 policy_version_history
 policy_violation
 pop_anomalies
 pop_audit_trail
 pop_compliance_predictions
 pop_compliance_report_sections
 pop_compliance_reports
 pop_compliance_requirements
 pop_computations
 pop_custom_widgets
 pop_dashboard_permissions
 pop_dashboard_templates
 pop_dashboard_widgets
 pop_dashboards
 pop_data_lineage
 pop_external_data_mappings
 pop_external_data_sources
 pop_generated_reports
 pop_metric_tags
 pop_metrics
 pop_ml_anomalies
 pop_ml_models
 pop_performance_benchmarks
 pop_performance_measurements
 pop_report_templates
 pop_steward_comments
 pop_steward_reviews
 pop_system_health
 pop_system_health_alerts
 portfolio_alt_metrics_snapshots
 portfolio_holdings
 portfolio_risk_metrics
 portfolio_snapshots
 portfolios
 preagg_features
 predicted_optimal_times
 prepared_statement_metrics
 private_equity_investments
 private_markets_bundles
 private_markets_fund_metrics
 private_markets_funds
 private_markets_refresh_tokens
 private_markets_sessions
 private_markets_user_auth
 private_markets_user_preferences
 private_markets_users
 privileged_access_requests
 process_bottleneck_analysis
 process_designer_permissions
 process_execution_log
 process_execution_metrics
 process_instances
 process_interventions
 process_optimization_recommendations
 process_optimization_suggestions
 process_performance_baselines
 process_step_types
 process_steps
 process_templates
 process_versions
 processes
 product_datasource_catalog
 products
 profile_calendars
 proposed_trades
 pushback_analysis
 quality_results
 quality_rules
 quarterly_reviews
 query_feedback
 query_plan_audit
 rag_configs
 real_estate_syndications
 rebalance_audit
 rebalance_executions
 recommended_actions
 reconciliation_records
 ref_service_codes
 reference_data
 refresh_tokens
 region
 region_config
 region_routing
 regional_health
 regional_metrics
 regional_sla
 regional_sla_status
 regulatory_filings
 relationship_bindings
 relationship_suggestion_audit
 relationship_suggestions
 report_burst_artifacts
 report_burst_batches
 report_cache_metadata
 report_definitions
 report_execution_events
 report_executions
 report_exports
 report_favorites
 report_filters
 report_folder_items
 report_folders
 report_runs
 report_schedules
 report_share_audit_log
 report_shares
 report_subscriptions
 report_templates
 reports
 revenue_recognition_schedule
 revoked_tokens
 risk_abac_policies
 risk_alerts
 risk_daily_summary
 risk_event_audit_trail
 risk_events
 risk_metrics
 risk_metrics_history
 risk_mitigation_actions
 risk_thresholds
 role
 role_abac_policy
 role_audit_log
 role_claim
 role_claim_extended
 role_conflict_rules
 role_integration_permissions
 role_management
 role_member
 role_permissions
 roles
 routing_rule
 rule_action_types
 rule_approvals
 rule_config_changelog
 rule_definitions
 rule_dependencies
 rule_evaluation_history
 rule_evaluation_results
 rule_evaluations
 rule_execution_policies
 rule_logic
 rule_simulations
 rule_steps
 rule_templates
 rule_versions
 rule_violations
 rules
 scan_jobs
 scenario_analyses
 scenario_analysis
 scenario_pnl
 scenario_results
 scenario_simulations
 scenarios
 schedule_profiles
 scheduled_dags
 scheduled_jobs
 scheduled_report_executions
 scheduled_reports
 scheduler_ai_suggestions
 scheduler_changeset_approvals
 scheduler_changesets
 schema_drift_proposals
 schema_migrations
 screening_executions
 screening_rule_sets
 sector_hierarchy
 secure_messages
 security_audit_log
 security_group_members
 security_groups
 security_user_fund_access
 semantic_abbreviations
 semantic_aggregate_build_jobs
 semantic_aggregate_build_stats
 semantic_aggregate_registry
 semantic_aliases
 semantic_ambiguous_columns
 semantic_anomalies
 semantic_assets
 semantic_audit_log
 semantic_cache_invalidation_log
 semantic_change_events
 semantic_compliance_events
 semantic_contracts
 semantic_cost_rollups
 semantic_cube_cache
 semantic_cubes_v2
 semantic_dimensions_v2
 semantic_drift_issues
 semantic_drift_reports
 semantic_event_delivery_log
 semantic_events
 semantic_field_aliases
 semantic_layer_audit_log
 semantic_mapping_ignores
 semantic_mapping_suggestions
 semantic_measures_v2
 semantic_model
 semantic_notification
 semantic_object_registry
 semantic_policies
 semantic_pre_aggregations_v2
 semantic_query_audit
 semantic_query_cache_v2
 semantic_query_history_v2
 semantic_query_performance
 semantic_query_template_executions
 semantic_query_template_parameter_constraints
 semantic_query_template_permissions
 semantic_query_template_versions
 semantic_query_templates
 semantic_roles
 semantic_simulations
 semantic_slo_evaluations
 semantic_slo_status
 semantic_slo_violations
 semantic_slos
 semantic_stream_definitions
 semantic_stream_events
 semantic_stream_events_2026q1
 semantic_stream_events_2026q2
 semantic_stream_events_future
 semantic_suggestion_feedback
 semantic_suggestions
 semantic_telemetry
 semantic_term_tags
 semantic_term_validations
 semantic_terms
 semantic_traces
 semantic_types
 shadow_replay_diffs
 shadow_replay_jobs
 shippers
 signal_definitions
 signal_table
 signature_requests
 signature_signers
 simulation_scenarios
 simulation_telemetry
 sla_reconciliation_reports
 sla_remediation_current
 sla_violations
 slack_integration
 smart_digest_configs
 smart_routing_decisions
 source_version
 starrocks_cluster_config
 state_residency_comparisons
 step_history
 step_templates
 storage_tiering_plans
 strategy_templates
 stream_field_reference_metadata
 substitute_asset_mappings
 succession_plans
 successor_compatibility_scores
 suggestion_feedback
 suitability_analyses
 suppliers
 survivorship_rules
 swift_compliance_rule_set
 swift_field_map
 swift_reconciliation_report
 swift_session_log
 swift_tenant_config
 tail_risk_analyses
 tax_lots
 tax_optimization_opportunities
 tax_strategies
 template_categories
 template_clones
 template_ratings
 template_registry
 template_usage
 template_versions
 tenant_api_connections
 tenant_artifact_adoption
 tenant_artifact_overlay
 tenant_assignments
 tenant_calendar_holidays
 tenant_chart
 tenant_configs
 tenant_connections
 tenant_custom_attributes
 tenant_datasources
 tenant_exchange_calendars
 tenant_id_uuid_migration_backup
 tenant_instance
 tenant_ip_whitelist
 tenant_ip_whitelist_assignments
 tenant_ip_whitelist_entries
 tenant_marketplace_items
 tenant_message_catalog
 tenant_product
 tenant_product_datasource
 tenant_provision_jobs
 tenant_quotas
 tenant_user
 tenants
 term_ai_feedback
 territories
 test_compliance
 titan_knowledge_base
 tokenized_assets
 trade_execution_log
 trade_surveillance_alerts
 transaction_authorization_matrix
 translations
 trigger_definitions
 trigger_types
 uisce_policies
 uma_accounts
 uma_holdings
 uma_rebalance_history
 uma_rebalance_plans
 uma_rebalance_requests
 uma_sleeves
 upgrade_exceptions
 uploaded_documents
 us_states
 user_delegation
 user_engagement_profiles
 user_favorites
 user_notification_preference
 user_notification_preferences
 user_offboarding
 user_persona_assignments
 user_persona_profiles
 user_profiles
 user_queue_assignment
 user_role
 user_role_assignment
 user_roles
 user_segments
 user_sessions
 user_settings
 user_slack_mapping
 user_tenant
 user_tenant_access
 user_workspace_layouts
 validation_operators
 validation_patterns
 validation_patterns_standard
 validation_results
 validation_rule_history
 validation_rule_violations
 validation_rules
 validation_triggers
 value_signal_sources
 value_signals
 value_themes
 venture_capital_investments
 video_meetings
 view_components
 view_definitions
 view_overrides
 views
 wasm_artifacts
 wasm_versions
 webhook_deliveries
 webhook_subscriptions
 what_if_analysis_results
 what_if_drift_monitors
 what_if_drift_observations
 what_if_entities
 what_if_implementation_ledger
 what_if_market_triggers
 what_if_orders
 what_if_scenario_links
 what_if_scenarios
 what_if_signoff_steps
 what_if_trigger_fires
 workflow_abac_policies
 workflow_access
 workflow_audit_log
 workflow_compliance_checks
 workflow_compliance_rules
 workflow_definitions
 workflow_edges
 workflow_events
 workflow_nodes
 workflow_stages
 workflow_timeout_trigger_analytics
 workflow_timeout_trigger_approvals
 workflow_timeout_trigger_audit
 workflow_timeout_trigger_comments
 workflow_timeout_trigger_test_suites
 workflow_timeout_trigger_tests
 workflow_timeout_trigger_versions
 workflow_timeout_triggers
 workflow_versions
 yale_model_calibration
(955 rows)

Time: 10.472 ms
